Group Name,Project Name,Tool,Scanner Name,Status,Vulnerability,Details,Additional Info,Severity,CVE,CWE,Other Identifiers,Detected At,Location,Activity,Comments,Full Path,CVSS Vectors,Dismissal Reason,Vulnerability ID
Code-Scanning-Toolset,Translation,sast,Semgrep,detected,Use of a broken or risky cryptographic algorithm,"The application was found using an insecure or risky digest or signature algorithm. MD2, MD4,\n MD5  and SHA1 hash algorithms have been found to be vulnerable to producing collisions.\n\nThis means\nthat two different values, when hashed, can lead to the same hash value. If the application is\ntrying\nto use these hash methods for storing passwords, then it is recommended to switch to a\npassword hashing\nalgorithm such as Argon2id or PBKDF2.\n\nNote that the `Crypto` and `Cryptodome` Python packages are no longer recommended for\nnew applications, instead consider using the [cryptography](https://cryptography.io/) package.\n\nExample of creating a SHA-384 hash using the `cryptography` package:\n```\nfrom cryptography.hazmat.primitives import hashes\n# Create a SHA384 digest\ndigest = hashes.Hash(hashes.SHA384())\n# Update the digest with some initial data\ndigest.update(b""some data to hash"")\n# Add more data to the digest\ndigest.update(b""some more data"")\n# Finalize the digest as bytes\nresult = digest.finalize()\n```\n\nFor more information on secure password storage see OWASP:\n- https://cheatsheetseries.owasp.org/cheatsheets/Password_Storage_Cheat_Sheet.html\n\nFor more information on the cryptography module see:\n- https://cryptography.io/en/latest/\n",,medium,,CWE-327,"""A3:2017 - Sensitive Data Exposure""; ""Bandit Test ID B303""; ""A02:2021 - Cryptographic Failures""; bandit.B303-1",2026-05-26 10:16:49 UTC,"{""file""=>""src/doctranslator/pdfminer/pdfdocument.py"", ""start_line""=>427}",false,"",code-scanning-toolset/translation/98405,"",,98405
Code-Scanning-Toolset,Translation,sast,Semgrep,detected,Use of a broken or risky cryptographic algorithm,"The application was found using an insecure or risky digest or signature algorithm. MD2, MD4,\n MD5  and SHA1 hash algorithms have been found to be vulnerable to producing collisions.\n\nThis means\nthat two different values, when hashed, can lead to the same hash value. If the application is\ntrying\nto use these hash methods for storing passwords, then it is recommended to switch to a\npassword hashing\nalgorithm such as Argon2id or PBKDF2.\n\nNote that the `Crypto` and `Cryptodome` Python packages are no longer recommended for\nnew applications, instead consider using the [cryptography](https://cryptography.io/) package.\n\nExample of creating a SHA-384 hash using the `cryptography` package:\n```\nfrom cryptography.hazmat.primitives import hashes\n# Create a SHA384 digest\ndigest = hashes.Hash(hashes.SHA384())\n# Update the digest with some initial data\ndigest.update(b""some data to hash"")\n# Add more data to the digest\ndigest.update(b""some more data"")\n# Finalize the digest as bytes\nresult = digest.finalize()\n```\n\nFor more information on secure password storage see OWASP:\n- https://cheatsheetseries.owasp.org/cheatsheets/Password_Storage_Cheat_Sheet.html\n\nFor more information on the cryptography module see:\n- https://cryptography.io/en/latest/\n",,medium,,CWE-327,"""A3:2017 - Sensitive Data Exposure""; ""Bandit Test ID B303""; ""A02:2021 - Cryptographic Failures""; bandit.B303-1",2026-05-26 10:16:49 UTC,"{""file""=>""src/doctranslator/pdfminer/pdfdocument.py"", ""start_line""=>470}",false,"",code-scanning-toolset/translation/98406,"",,98406
Code-Scanning-Toolset,Translation,sast,Semgrep,detected,Improper check for unusual or exceptional conditions,"The application was found using `assert` in non-test code. Usually reserved for debug and test\ncode, the `assert`\nfunction is commonly used to test conditions before continuing execution. However, enclosed\ncode will be removed\nwhen compiling Python code to optimized byte code. Depending on the assertion and subsequent\nlogic, this could\nlead to undefined behavior of the application or application crashes.\n\nTo remediate this issue, remove the `assert` calls. If necessary, replace them with either `if`\nconditions or\n`try/except` blocks.\n\nExample using `try/except` instead of `assert`:\n```\n# Below try/except is equal to the assert statement of:\n# assert user.is_authenticated(), ""user must be authenticated""\ntry:\n    if not user.is_authenticated():\n        raise AuthError(""user must be authenticated"")\nexcept AuthError as e:\n    # Handle error\n    # ...\n    # Return, do not continue processing\n    return\n```\n",,info,,CWE-754,"bandit.B101; ""A6:2017 - Security Misconfiguration""; ""A05:2021 - Security Misconfiguration""; ""Bandit Test ID B101""",2026-05-26 10:16:49 UTC,"{""file""=>""src/doctranslator/format/pdf/document_il/utils/matrix_helper.py"", ""start_line""=>57}",false,"",code-scanning-toolset/translation/98407,"",,98407
Code-Scanning-Toolset,Translation,sast,Semgrep,detected,Improper check for unusual or exceptional conditions,"The application was found using `assert` in non-test code. Usually reserved for debug and test\ncode, the `assert`\nfunction is commonly used to test conditions before continuing execution. However, enclosed\ncode will be removed\nwhen compiling Python code to optimized byte code. Depending on the assertion and subsequent\nlogic, this could\nlead to undefined behavior of the application or application crashes.\n\nTo remediate this issue, remove the `assert` calls. If necessary, replace them with either `if`\nconditions or\n`try/except` blocks.\n\nExample using `try/except` instead of `assert`:\n```\n# Below try/except is equal to the assert statement of:\n# assert user.is_authenticated(), ""user must be authenticated""\ntry:\n    if not user.is_authenticated():\n        raise AuthError(""user must be authenticated"")\nexcept AuthError as e:\n    # Handle error\n    # ...\n    # Return, do not continue processing\n    return\n```\n",,info,,CWE-754,"bandit.B101; ""A6:2017 - Security Misconfiguration""; ""A05:2021 - Security Misconfiguration""; ""Bandit Test ID B101""",2026-05-26 10:16:49 UTC,"{""file""=>""src/doctranslator/format/pdf/document_il/midend/typesetting.py"", ""start_line""=>138}",false,"",code-scanning-toolset/translation/98408,"",,98408
Code-Scanning-Toolset,Translation,sast,Semgrep,detected,Improper check for unusual or exceptional conditions,"The application was found using `assert` in non-test code. Usually reserved for debug and test\ncode, the `assert`\nfunction is commonly used to test conditions before continuing execution. However, enclosed\ncode will be removed\nwhen compiling Python code to optimized byte code. Depending on the assertion and subsequent\nlogic, this could\nlead to undefined behavior of the application or application crashes.\n\nTo remediate this issue, remove the `assert` calls. If necessary, replace them with either `if`\nconditions or\n`try/except` blocks.\n\nExample using `try/except` instead of `assert`:\n```\n# Below try/except is equal to the assert statement of:\n# assert user.is_authenticated(), ""user must be authenticated""\ntry:\n    if not user.is_authenticated():\n        raise AuthError(""user must be authenticated"")\nexcept AuthError as e:\n    # Handle error\n    # ...\n    # Return, do not continue processing\n    return\n```\n",,info,,CWE-754,"bandit.B101; ""A6:2017 - Security Misconfiguration""; ""A05:2021 - Security Misconfiguration""; ""Bandit Test ID B101""",2026-05-26 10:16:49 UTC,"{""file""=>""src/doctranslator/format/pdf/document_il/midend/typesetting.py"", ""end_line""=>141, ""start_line""=>139}",false,"",code-scanning-toolset/translation/98409,"",,98409
Code-Scanning-Toolset,Translation,sast,Semgrep,detected,Improper check for unusual or exceptional conditions,"The application was found using `assert` in non-test code. Usually reserved for debug and test\ncode, the `assert`\nfunction is commonly used to test conditions before continuing execution. However, enclosed\ncode will be removed\nwhen compiling Python code to optimized byte code. Depending on the assertion and subsequent\nlogic, this could\nlead to undefined behavior of the application or application crashes.\n\nTo remediate this issue, remove the `assert` calls. If necessary, replace them with either `if`\nconditions or\n`try/except` blocks.\n\nExample using `try/except` instead of `assert`:\n```\n# Below try/except is equal to the assert statement of:\n# assert user.is_authenticated(), ""user must be authenticated""\ntry:\n    if not user.is_authenticated():\n        raise AuthError(""user must be authenticated"")\nexcept AuthError as e:\n    # Handle error\n    # ...\n    # Return, do not continue processing\n    return\n```\n",,info,,CWE-754,"bandit.B101; ""A6:2017 - Security Misconfiguration""; ""A05:2021 - Security Misconfiguration""; ""Bandit Test ID B101""",2026-05-26 10:16:49 UTC,"{""file""=>""src/doctranslator/pdfminer/pdfdevice.py"", ""start_line""=>393}",false,"",code-scanning-toolset/translation/98410,"",,98410
Code-Scanning-Toolset,Translation,sast,Semgrep,detected,Improper check for unusual or exceptional conditions,"The application was found using `assert` in non-test code. Usually reserved for debug and test\ncode, the `assert`\nfunction is commonly used to test conditions before continuing execution. However, enclosed\ncode will be removed\nwhen compiling Python code to optimized byte code. Depending on the assertion and subsequent\nlogic, this could\nlead to undefined behavior of the application or application crashes.\n\nTo remediate this issue, remove the `assert` calls. If necessary, replace them with either `if`\nconditions or\n`try/except` blocks.\n\nExample using `try/except` instead of `assert`:\n```\n# Below try/except is equal to the assert statement of:\n# assert user.is_authenticated(), ""user must be authenticated""\ntry:\n    if not user.is_authenticated():\n        raise AuthError(""user must be authenticated"")\nexcept AuthError as e:\n    # Handle error\n    # ...\n    # Return, do not continue processing\n    return\n```\n",,info,,CWE-754,"bandit.B101; ""A6:2017 - Security Misconfiguration""; ""A05:2021 - Security Misconfiguration""; ""Bandit Test ID B101""",2026-05-26 10:16:49 UTC,"{""file""=>""src/doctranslator/pdfminer/pdftypes.py"", ""start_line""=>248}",false,"",code-scanning-toolset/translation/98411,"",,98411
Code-Scanning-Toolset,Translation,sast,Semgrep,detected,Improper check for unusual or exceptional conditions,"The application was found using `assert` in non-test code. Usually reserved for debug and test\ncode, the `assert`\nfunction is commonly used to test conditions before continuing execution. However, enclosed\ncode will be removed\nwhen compiling Python code to optimized byte code. Depending on the assertion and subsequent\nlogic, this could\nlead to undefined behavior of the application or application crashes.\n\nTo remediate this issue, remove the `assert` calls. If necessary, replace them with either `if`\nconditions or\n`try/except` blocks.\n\nExample using `try/except` instead of `assert`:\n```\n# Below try/except is equal to the assert statement of:\n# assert user.is_authenticated(), ""user must be authenticated""\ntry:\n    if not user.is_authenticated():\n        raise AuthError(""user must be authenticated"")\nexcept AuthError as e:\n    # Handle error\n    # ...\n    # Return, do not continue processing\n    return\n```\n",,info,,CWE-754,"bandit.B101; ""A6:2017 - Security Misconfiguration""; ""A05:2021 - Security Misconfiguration""; ""Bandit Test ID B101""",2026-05-26 10:16:49 UTC,"{""file""=>""src/doctranslator/pdfminer/converter.py"", ""start_line""=>96}",false,"",code-scanning-toolset/translation/98412,"",,98412
Code-Scanning-Toolset,Translation,sast,Semgrep,detected,Improper check for unusual or exceptional conditions,"The application was found using `assert` in non-test code. Usually reserved for debug and test\ncode, the `assert`\nfunction is commonly used to test conditions before continuing execution. However, enclosed\ncode will be removed\nwhen compiling Python code to optimized byte code. Depending on the assertion and subsequent\nlogic, this could\nlead to undefined behavior of the application or application crashes.\n\nTo remediate this issue, remove the `assert` calls. If necessary, replace them with either `if`\nconditions or\n`try/except` blocks.\n\nExample using `try/except` instead of `assert`:\n```\n# Below try/except is equal to the assert statement of:\n# assert user.is_authenticated(), ""user must be authenticated""\ntry:\n    if not user.is_authenticated():\n        raise AuthError(""user must be authenticated"")\nexcept AuthError as e:\n    # Handle error\n    # ...\n    # Return, do not continue processing\n    return\n```\n",,info,,CWE-754,"bandit.B101; ""A6:2017 - Security Misconfiguration""; ""A05:2021 - Security Misconfiguration""; ""Bandit Test ID B101""",2026-05-26 10:16:49 UTC,"{""file""=>""src/doctranslator/pdfminer/converter.py"", ""start_line""=>79}",false,"",code-scanning-toolset/translation/98413,"",,98413
Code-Scanning-Toolset,Translation,sast,Semgrep,detected,Improper check for unusual or exceptional conditions,"The application was found using `assert` in non-test code. Usually reserved for debug and test\ncode, the `assert`\nfunction is commonly used to test conditions before continuing execution. However, enclosed\ncode will be removed\nwhen compiling Python code to optimized byte code. Depending on the assertion and subsequent\nlogic, this could\nlead to undefined behavior of the application or application crashes.\n\nTo remediate this issue, remove the `assert` calls. If necessary, replace them with either `if`\nconditions or\n`try/except` blocks.\n\nExample using `try/except` instead of `assert`:\n```\n# Below try/except is equal to the assert statement of:\n# assert user.is_authenticated(), ""user must be authenticated""\ntry:\n    if not user.is_authenticated():\n        raise AuthError(""user must be authenticated"")\nexcept AuthError as e:\n    # Handle error\n    # ...\n    # Return, do not continue processing\n    return\n```\n",,info,,CWE-754,"bandit.B101; ""A6:2017 - Security Misconfiguration""; ""A05:2021 - Security Misconfiguration""; ""Bandit Test ID B101""",2026-05-26 10:16:49 UTC,"{""file""=>""src/doctranslator/pdfminer/utils.py"", ""start_line""=>101}",false,"",code-scanning-toolset/translation/98414,"",,98414
Code-Scanning-Toolset,Translation,sast,Semgrep,detected,Use of a broken or risky cryptographic algorithm,"The application was found using an insecure or risky digest or signature algorithm. MD2, MD4,\n MD5  and SHA1 hash algorithms have been found to be vulnerable to producing collisions.\n\nThis means\nthat two different values, when hashed, can lead to the same hash value. If the application is\ntrying\nto use these hash methods for storing passwords, then it is recommended to switch to a\npassword hashing\nalgorithm such as Argon2id or PBKDF2.\n\nNote that the `Crypto` and `Cryptodome` Python packages are no longer recommended for\nnew applications, instead consider using the [cryptography](https://cryptography.io/) package.\n\nExample of creating a SHA-384 hash using the `cryptography` package:\n```\nfrom cryptography.hazmat.primitives import hashes\n# Create a SHA384 digest\ndigest = hashes.Hash(hashes.SHA384())\n# Update the digest with some initial data\ndigest.update(b""some data to hash"")\n# Add more data to the digest\ndigest.update(b""some more data"")\n# Finalize the digest as bytes\nresult = digest.finalize()\n```\n\nFor more information on secure password storage see OWASP:\n- https://cheatsheetseries.owasp.org/cheatsheets/Password_Storage_Cheat_Sheet.html\n\nFor more information on the cryptography module see:\n- https://cryptography.io/en/latest/\n",,medium,,CWE-327,"""A3:2017 - Sensitive Data Exposure""; ""Bandit Test ID B303""; ""A02:2021 - Cryptographic Failures""; bandit.B303-1",2026-05-26 10:16:49 UTC,"{""file""=>""src/doctranslator/pdfminer/pdfdocument.py"", ""start_line""=>496}",false,"",code-scanning-toolset/translation/98415,"",,98415
Code-Scanning-Toolset,Translation,sast,Semgrep,detected,Improper check for unusual or exceptional conditions,"The application was found using `assert` in non-test code. Usually reserved for debug and test\ncode, the `assert`\nfunction is commonly used to test conditions before continuing execution. However, enclosed\ncode will be removed\nwhen compiling Python code to optimized byte code. Depending on the assertion and subsequent\nlogic, this could\nlead to undefined behavior of the application or application crashes.\n\nTo remediate this issue, remove the `assert` calls. If necessary, replace them with either `if`\nconditions or\n`try/except` blocks.\n\nExample using `try/except` instead of `assert`:\n```\n# Below try/except is equal to the assert statement of:\n# assert user.is_authenticated(), ""user must be authenticated""\ntry:\n    if not user.is_authenticated():\n        raise AuthError(""user must be authenticated"")\nexcept AuthError as e:\n    # Handle error\n    # ...\n    # Return, do not continue processing\n    return\n```\n",,info,,CWE-754,"bandit.B101; ""A6:2017 - Security Misconfiguration""; ""A05:2021 - Security Misconfiguration""; ""Bandit Test ID B101""",2026-05-26 10:16:49 UTC,"{""file""=>""src/doctranslator/format/pdf/document_il/midend/typesetting.py"", ""end_line""=>112, ""start_line""=>110}",false,"",code-scanning-toolset/translation/98416,"",,98416
Code-Scanning-Toolset,Translation,sast,Semgrep,detected,Improper check for unusual or exceptional conditions,"The application was found using `assert` in non-test code. Usually reserved for debug and test\ncode, the `assert`\nfunction is commonly used to test conditions before continuing execution. However, enclosed\ncode will be removed\nwhen compiling Python code to optimized byte code. Depending on the assertion and subsequent\nlogic, this could\nlead to undefined behavior of the application or application crashes.\n\nTo remediate this issue, remove the `assert` calls. If necessary, replace them with either `if`\nconditions or\n`try/except` blocks.\n\nExample using `try/except` instead of `assert`:\n```\n# Below try/except is equal to the assert statement of:\n# assert user.is_authenticated(), ""user must be authenticated""\ntry:\n    if not user.is_authenticated():\n        raise AuthError(""user must be authenticated"")\nexcept AuthError as e:\n    # Handle error\n    # ...\n    # Return, do not continue processing\n    return\n```\n",,info,,CWE-754,"bandit.B101; ""A6:2017 - Security Misconfiguration""; ""A05:2021 - Security Misconfiguration""; ""Bandit Test ID B101""",2026-05-26 10:16:49 UTC,"{""file""=>""src/doctranslator/pdfminer/ccitt.py"", ""start_line""=>60}",false,"",code-scanning-toolset/translation/98417,"",,98417
Code-Scanning-Toolset,Translation,sast,Semgrep,detected,Improper check for unusual or exceptional conditions,"The application was found using `assert` in non-test code. Usually reserved for debug and test\ncode, the `assert`\nfunction is commonly used to test conditions before continuing execution. However, enclosed\ncode will be removed\nwhen compiling Python code to optimized byte code. Depending on the assertion and subsequent\nlogic, this could\nlead to undefined behavior of the application or application crashes.\n\nTo remediate this issue, remove the `assert` calls. If necessary, replace them with either `if`\nconditions or\n`try/except` blocks.\n\nExample using `try/except` instead of `assert`:\n```\n# Below try/except is equal to the assert statement of:\n# assert user.is_authenticated(), ""user must be authenticated""\ntry:\n    if not user.is_authenticated():\n        raise AuthError(""user must be authenticated"")\nexcept AuthError as e:\n    # Handle error\n    # ...\n    # Return, do not continue processing\n    return\n```\n",,info,,CWE-754,"bandit.B101; ""A6:2017 - Security Misconfiguration""; ""A05:2021 - Security Misconfiguration""; ""Bandit Test ID B101""",2026-05-26 10:16:49 UTC,"{""file""=>""src/doctranslator/format/pdf/translation_config.py"", ""start_line""=>287}",false,"",code-scanning-toolset/translation/98418,"",,98418
Code-Scanning-Toolset,Translation,sast,Semgrep,detected,Improper check for unusual or exceptional conditions,"The application was found using `assert` in non-test code. Usually reserved for debug and test\ncode, the `assert`\nfunction is commonly used to test conditions before continuing execution. However, enclosed\ncode will be removed\nwhen compiling Python code to optimized byte code. Depending on the assertion and subsequent\nlogic, this could\nlead to undefined behavior of the application or application crashes.\n\nTo remediate this issue, remove the `assert` calls. If necessary, replace them with either `if`\nconditions or\n`try/except` blocks.\n\nExample using `try/except` instead of `assert`:\n```\n# Below try/except is equal to the assert statement of:\n# assert user.is_authenticated(), ""user must be authenticated""\ntry:\n    if not user.is_authenticated():\n        raise AuthError(""user must be authenticated"")\nexcept AuthError as e:\n    # Handle error\n    # ...\n    # Return, do not continue processing\n    return\n```\n",,info,,CWE-754,"bandit.B101; ""A6:2017 - Security Misconfiguration""; ""A05:2021 - Security Misconfiguration""; ""Bandit Test ID B101""",2026-05-26 10:16:49 UTC,"{""file""=>""src/doctranslator/docvision/table_detection/rapidocr.py"", ""start_line""=>195}",false,"",code-scanning-toolset/translation/98419,"",,98419
Code-Scanning-Toolset,Translation,sast,Semgrep,detected,Improper check for unusual or exceptional conditions,"The application was found using `assert` in non-test code. Usually reserved for debug and test\ncode, the `assert`\nfunction is commonly used to test conditions before continuing execution. However, enclosed\ncode will be removed\nwhen compiling Python code to optimized byte code. Depending on the assertion and subsequent\nlogic, this could\nlead to undefined behavior of the application or application crashes.\n\nTo remediate this issue, remove the `assert` calls. If necessary, replace them with either `if`\nconditions or\n`try/except` blocks.\n\nExample using `try/except` instead of `assert`:\n```\n# Below try/except is equal to the assert statement of:\n# assert user.is_authenticated(), ""user must be authenticated""\ntry:\n    if not user.is_authenticated():\n        raise AuthError(""user must be authenticated"")\nexcept AuthError as e:\n    # Handle error\n    # ...\n    # Return, do not continue processing\n    return\n```\n",,info,,CWE-754,"bandit.B101; ""A6:2017 - Security Misconfiguration""; ""A05:2021 - Security Misconfiguration""; ""Bandit Test ID B101""",2026-05-26 10:16:49 UTC,"{""file""=>""src/doctranslator/format/pdf/document_il/frontend/il_creater.py"", ""start_line""=>1223}",false,"",code-scanning-toolset/translation/98420,"",,98420
Code-Scanning-Toolset,Translation,sast,Semgrep,detected,Improper check for unusual or exceptional conditions,"The application was found using `assert` in non-test code. Usually reserved for debug and test\ncode, the `assert`\nfunction is commonly used to test conditions before continuing execution. However, enclosed\ncode will be removed\nwhen compiling Python code to optimized byte code. Depending on the assertion and subsequent\nlogic, this could\nlead to undefined behavior of the application or application crashes.\n\nTo remediate this issue, remove the `assert` calls. If necessary, replace them with either `if`\nconditions or\n`try/except` blocks.\n\nExample using `try/except` instead of `assert`:\n```\n# Below try/except is equal to the assert statement of:\n# assert user.is_authenticated(), ""user must be authenticated""\ntry:\n    if not user.is_authenticated():\n        raise AuthError(""user must be authenticated"")\nexcept AuthError as e:\n    # Handle error\n    # ...\n    # Return, do not continue processing\n    return\n```\n",,info,,CWE-754,"bandit.B101; ""A6:2017 - Security Misconfiguration""; ""A05:2021 - Security Misconfiguration""; ""Bandit Test ID B101""",2026-05-26 10:16:49 UTC,"{""file""=>""src/doctranslator/pdfminer/pdfdocument.py"", ""start_line""=>348}",false,"",code-scanning-toolset/translation/98421,"",,98421
Code-Scanning-Toolset,Translation,sast,Semgrep,detected,Improper check for unusual or exceptional conditions,"The application was found using `assert` in non-test code. Usually reserved for debug and test\ncode, the `assert`\nfunction is commonly used to test conditions before continuing execution. However, enclosed\ncode will be removed\nwhen compiling Python code to optimized byte code. Depending on the assertion and subsequent\nlogic, this could\nlead to undefined behavior of the application or application crashes.\n\nTo remediate this issue, remove the `assert` calls. If necessary, replace them with either `if`\nconditions or\n`try/except` blocks.\n\nExample using `try/except` instead of `assert`:\n```\n# Below try/except is equal to the assert statement of:\n# assert user.is_authenticated(), ""user must be authenticated""\ntry:\n    if not user.is_authenticated():\n        raise AuthError(""user must be authenticated"")\nexcept AuthError as e:\n    # Handle error\n    # ...\n    # Return, do not continue processing\n    return\n```\n",,info,,CWE-754,"bandit.B101; ""A6:2017 - Security Misconfiguration""; ""A05:2021 - Security Misconfiguration""; ""Bandit Test ID B101""",2026-05-26 10:16:49 UTC,"{""file""=>""src/doctranslator/format/pdf/document_il/midend/typesetting.py"", ""end_line""=>790, ""start_line""=>788}",false,"",code-scanning-toolset/translation/98422,"",,98422
Code-Scanning-Toolset,Translation,sast,Semgrep,detected,Improper check for unusual or exceptional conditions,"The application was found using `assert` in non-test code. Usually reserved for debug and test\ncode, the `assert`\nfunction is commonly used to test conditions before continuing execution. However, enclosed\ncode will be removed\nwhen compiling Python code to optimized byte code. Depending on the assertion and subsequent\nlogic, this could\nlead to undefined behavior of the application or application crashes.\n\nTo remediate this issue, remove the `assert` calls. If necessary, replace them with either `if`\nconditions or\n`try/except` blocks.\n\nExample using `try/except` instead of `assert`:\n```\n# Below try/except is equal to the assert statement of:\n# assert user.is_authenticated(), ""user must be authenticated""\ntry:\n    if not user.is_authenticated():\n        raise AuthError(""user must be authenticated"")\nexcept AuthError as e:\n    # Handle error\n    # ...\n    # Return, do not continue processing\n    return\n```\n",,info,,CWE-754,"bandit.B101; ""A6:2017 - Security Misconfiguration""; ""A05:2021 - Security Misconfiguration""; ""Bandit Test ID B101""",2026-05-26 10:16:49 UTC,"{""file""=>""src/doctranslator/pdfminer/layout.py"", ""start_line""=>194}",false,"",code-scanning-toolset/translation/98423,"",,98423
Code-Scanning-Toolset,Translation,sast,Semgrep,detected,Improper check for unusual or exceptional conditions,"The application was found using `assert` in non-test code. Usually reserved for debug and test\ncode, the `assert`\nfunction is commonly used to test conditions before continuing execution. However, enclosed\ncode will be removed\nwhen compiling Python code to optimized byte code. Depending on the assertion and subsequent\nlogic, this could\nlead to undefined behavior of the application or application crashes.\n\nTo remediate this issue, remove the `assert` calls. If necessary, replace them with either `if`\nconditions or\n`try/except` blocks.\n\nExample using `try/except` instead of `assert`:\n```\n# Below try/except is equal to the assert statement of:\n# assert user.is_authenticated(), ""user must be authenticated""\ntry:\n    if not user.is_authenticated():\n        raise AuthError(""user must be authenticated"")\nexcept AuthError as e:\n    # Handle error\n    # ...\n    # Return, do not continue processing\n    return\n```\n",,info,,CWE-754,"bandit.B101; ""A6:2017 - Security Misconfiguration""; ""A05:2021 - Security Misconfiguration""; ""Bandit Test ID B101""",2026-05-26 10:16:49 UTC,"{""file""=>""src/doctranslator/tools/generate_font_metadata.py"", ""end_line""=>80, ""start_line""=>78}",false,"",code-scanning-toolset/translation/98424,"",,98424
Code-Scanning-Toolset,Translation,sast,Semgrep,detected,Improper check for unusual or exceptional conditions,"The application was found using `assert` in non-test code. Usually reserved for debug and test\ncode, the `assert`\nfunction is commonly used to test conditions before continuing execution. However, enclosed\ncode will be removed\nwhen compiling Python code to optimized byte code. Depending on the assertion and subsequent\nlogic, this could\nlead to undefined behavior of the application or application crashes.\n\nTo remediate this issue, remove the `assert` calls. If necessary, replace them with either `if`\nconditions or\n`try/except` blocks.\n\nExample using `try/except` instead of `assert`:\n```\n# Below try/except is equal to the assert statement of:\n# assert user.is_authenticated(), ""user must be authenticated""\ntry:\n    if not user.is_authenticated():\n        raise AuthError(""user must be authenticated"")\nexcept AuthError as e:\n    # Handle error\n    # ...\n    # Return, do not continue processing\n    return\n```\n",,info,,CWE-754,"bandit.B101; ""A6:2017 - Security Misconfiguration""; ""A05:2021 - Security Misconfiguration""; ""Bandit Test ID B101""",2026-05-26 10:16:49 UTC,"{""file""=>""src/doctranslator/pdfminer/pdfdocument.py"", ""start_line""=>694}",false,"",code-scanning-toolset/translation/98425,"",,98425
Code-Scanning-Toolset,Translation,sast,Semgrep,detected,Improper check for unusual or exceptional conditions,"The application was found using `assert` in non-test code. Usually reserved for debug and test\ncode, the `assert`\nfunction is commonly used to test conditions before continuing execution. However, enclosed\ncode will be removed\nwhen compiling Python code to optimized byte code. Depending on the assertion and subsequent\nlogic, this could\nlead to undefined behavior of the application or application crashes.\n\nTo remediate this issue, remove the `assert` calls. If necessary, replace them with either `if`\nconditions or\n`try/except` blocks.\n\nExample using `try/except` instead of `assert`:\n```\n# Below try/except is equal to the assert statement of:\n# assert user.is_authenticated(), ""user must be authenticated""\ntry:\n    if not user.is_authenticated():\n        raise AuthError(""user must be authenticated"")\nexcept AuthError as e:\n    # Handle error\n    # ...\n    # Return, do not continue processing\n    return\n```\n",,info,,CWE-754,"bandit.B101; ""A6:2017 - Security Misconfiguration""; ""A05:2021 - Security Misconfiguration""; ""Bandit Test ID B101""",2026-05-26 10:16:49 UTC,"{""file""=>""src/doctranslator/format/pdf/document_il/utils/matrix_helper.py"", ""start_line""=>202}",false,"",code-scanning-toolset/translation/98426,"",,98426
Code-Scanning-Toolset,Translation,sast,Semgrep,detected,Improper check for unusual or exceptional conditions,"The application was found using `assert` in non-test code. Usually reserved for debug and test\ncode, the `assert`\nfunction is commonly used to test conditions before continuing execution. However, enclosed\ncode will be removed\nwhen compiling Python code to optimized byte code. Depending on the assertion and subsequent\nlogic, this could\nlead to undefined behavior of the application or application crashes.\n\nTo remediate this issue, remove the `assert` calls. If necessary, replace them with either `if`\nconditions or\n`try/except` blocks.\n\nExample using `try/except` instead of `assert`:\n```\n# Below try/except is equal to the assert statement of:\n# assert user.is_authenticated(), ""user must be authenticated""\ntry:\n    if not user.is_authenticated():\n        raise AuthError(""user must be authenticated"")\nexcept AuthError as e:\n    # Handle error\n    # ...\n    # Return, do not continue processing\n    return\n```\n",,info,,CWE-754,"bandit.B101; ""A6:2017 - Security Misconfiguration""; ""A05:2021 - Security Misconfiguration""; ""Bandit Test ID B101""",2026-05-26 10:16:49 UTC,"{""file""=>""src/doctranslator/pdfminer/layout.py"", ""start_line""=>372}",false,"",code-scanning-toolset/translation/98427,"",,98427
Code-Scanning-Toolset,Translation,sast,Semgrep,detected,Improper check for unusual or exceptional conditions,"The application was found using `assert` in non-test code. Usually reserved for debug and test\ncode, the `assert`\nfunction is commonly used to test conditions before continuing execution. However, enclosed\ncode will be removed\nwhen compiling Python code to optimized byte code. Depending on the assertion and subsequent\nlogic, this could\nlead to undefined behavior of the application or application crashes.\n\nTo remediate this issue, remove the `assert` calls. If necessary, replace them with either `if`\nconditions or\n`try/except` blocks.\n\nExample using `try/except` instead of `assert`:\n```\n# Below try/except is equal to the assert statement of:\n# assert user.is_authenticated(), ""user must be authenticated""\ntry:\n    if not user.is_authenticated():\n        raise AuthError(""user must be authenticated"")\nexcept AuthError as e:\n    # Handle error\n    # ...\n    # Return, do not continue processing\n    return\n```\n",,info,,CWE-754,"bandit.B101; ""A6:2017 - Security Misconfiguration""; ""A05:2021 - Security Misconfiguration""; ""Bandit Test ID B101""",2026-05-26 10:16:49 UTC,"{""file""=>""src/doctranslator/pdfminer/pdftypes.py"", ""end_line""=>379, ""start_line""=>377}",false,"",code-scanning-toolset/translation/98428,"",,98428
Code-Scanning-Toolset,Translation,sast,Semgrep,detected,Improper check for unusual or exceptional conditions,"The application was found using `assert` in non-test code. Usually reserved for debug and test\ncode, the `assert`\nfunction is commonly used to test conditions before continuing execution. However, enclosed\ncode will be removed\nwhen compiling Python code to optimized byte code. Depending on the assertion and subsequent\nlogic, this could\nlead to undefined behavior of the application or application crashes.\n\nTo remediate this issue, remove the `assert` calls. If necessary, replace them with either `if`\nconditions or\n`try/except` blocks.\n\nExample using `try/except` instead of `assert`:\n```\n# Below try/except is equal to the assert statement of:\n# assert user.is_authenticated(), ""user must be authenticated""\ntry:\n    if not user.is_authenticated():\n        raise AuthError(""user must be authenticated"")\nexcept AuthError as e:\n    # Handle error\n    # ...\n    # Return, do not continue processing\n    return\n```\n",,info,,CWE-754,"bandit.B101; ""A6:2017 - Security Misconfiguration""; ""A05:2021 - Security Misconfiguration""; ""Bandit Test ID B101""",2026-05-26 10:16:49 UTC,"{""file""=>""src/doctranslator/pdfminer/utils.py"", ""start_line""=>758}",false,"",code-scanning-toolset/translation/98429,"",,98429
Code-Scanning-Toolset,Translation,sast,Semgrep,detected,Deserialization of untrusted data,"The application was found using `pickle` which is vulnerable to deserialization attacks.\nDeserialization attacks exploit the process of reading serialized data and turning it back\ninto an object. By constructing malicious objects and serializing them, an adversary may\nattempt to:\n\n- Inject code that is executed upon object construction, which occurs during the\ndeserialization process.\n- Exploit mass assignment by including fields that are not normally a part of the serialized\ndata but are read in during deserialization.\n\nConsider safer alternatives such as serializing data in the JSON format. Ensure any format\nchosen allows the application to specify exactly which object types are allowed to be deserialized.\n\nTo protect against mass assignment, only allow deserialization of the specific fields that are\nrequired. If this is not easily done, consider creating an intermediary type that\ncan be serialized with only the necessary fields exposed.\n\nExample JSON deserializer using an intermediary type that is validated against a schema to ensure\nit is safe from mass assignment:\n```\nimport jsonschema\n\n# Create a schema to validate our user-supplied input against\n# an intermediary object\nintermediary_schema = {\n    ""type"" : ""object"",\n    ""properties"" :  {\n        ""name"": {""type"" : ""string""}\n    },\n    ""required"": [""name""],\n    # Protect against random properties being added to the object\n    ""additionalProperties"": False,\n}\n# If a user attempted to add ""'is_admin': True"" it would cause a validation error\nintermediary_object = {'name': 'test user'}\n\ntry:\n    # Validate the user supplied intermediary object against our schema\n    jsonschema.validate(instance=intermediary_object, schema=intermediary_schema)\n    user_object = {'user':\n        {\n            # Assign the deserialized data from intermediary object\n            'name': intermediary_object['name'],\n            # Add in protected data in object definition (or set it from a class constructor)\n            'is_admin': False,\n        }\n    }\n    # Work with the user_object\nexcept jsonschema.exceptions.ValidationError as ex:\n    # Gracefully handle validation errors\n    # ...\n```\n\nFor more details on deserialization attacks in general, see OWASP's guide:\n- https://cheatsheetseries.owasp.org/cheatsheets/Deserialization_Cheat_Sheet.html\n",,high,,CWE-502,"bandit.B301-1; ""Bandit Test ID B301""; ""A8:2017 - Insecure Deserialization""; ""A08:2021 - Software and Data Integrity Failures""",2026-05-26 10:16:49 UTC,"{""file""=>""src/doctranslator/pdfminer/cmapdb.py"", ""start_line""=>248}",false,"",code-scanning-toolset/translation/98430,"",,98430
Code-Scanning-Toolset,Translation,sast,Semgrep,detected,Improper check for unusual or exceptional conditions,"The application was found using `assert` in non-test code. Usually reserved for debug and test\ncode, the `assert`\nfunction is commonly used to test conditions before continuing execution. However, enclosed\ncode will be removed\nwhen compiling Python code to optimized byte code. Depending on the assertion and subsequent\nlogic, this could\nlead to undefined behavior of the application or application crashes.\n\nTo remediate this issue, remove the `assert` calls. If necessary, replace them with either `if`\nconditions or\n`try/except` blocks.\n\nExample using `try/except` instead of `assert`:\n```\n# Below try/except is equal to the assert statement of:\n# assert user.is_authenticated(), ""user must be authenticated""\ntry:\n    if not user.is_authenticated():\n        raise AuthError(""user must be authenticated"")\nexcept AuthError as e:\n    # Handle error\n    # ...\n    # Return, do not continue processing\n    return\n```\n",,info,,CWE-754,"bandit.B101; ""A6:2017 - Security Misconfiguration""; ""A05:2021 - Security Misconfiguration""; ""Bandit Test ID B101""",2026-05-26 10:16:49 UTC,"{""file""=>""src/doctranslator/pdfminer/cmapdb.py"", ""start_line""=>84}",false,"",code-scanning-toolset/translation/98431,"",,98431
Code-Scanning-Toolset,Translation,sast,Semgrep,detected,Improper check for unusual or exceptional conditions,"The application was found using `assert` in non-test code. Usually reserved for debug and test\ncode, the `assert`\nfunction is commonly used to test conditions before continuing execution. However, enclosed\ncode will be removed\nwhen compiling Python code to optimized byte code. Depending on the assertion and subsequent\nlogic, this could\nlead to undefined behavior of the application or application crashes.\n\nTo remediate this issue, remove the `assert` calls. If necessary, replace them with either `if`\nconditions or\n`try/except` blocks.\n\nExample using `try/except` instead of `assert`:\n```\n# Below try/except is equal to the assert statement of:\n# assert user.is_authenticated(), ""user must be authenticated""\ntry:\n    if not user.is_authenticated():\n        raise AuthError(""user must be authenticated"")\nexcept AuthError as e:\n    # Handle error\n    # ...\n    # Return, do not continue processing\n    return\n```\n",,info,,CWE-754,"bandit.B101; ""A6:2017 - Security Misconfiguration""; ""A05:2021 - Security Misconfiguration""; ""Bandit Test ID B101""",2026-05-26 10:16:49 UTC,"{""file""=>""src/doctranslator/pdfminer/layout.py"", ""start_line""=>172}",false,"",code-scanning-toolset/translation/98432,"",,98432
Code-Scanning-Toolset,Translation,sast,Semgrep,detected,Use of a broken or risky cryptographic algorithm,"The application was found using an insecure or risky digest or signature algorithm. MD2, MD4,\n MD5  and SHA1 hash algorithms have been found to be vulnerable to producing collisions.\n\nThis means\nthat two different values, when hashed, can lead to the same hash value. If the application is\ntrying\nto use these hash methods for storing passwords, then it is recommended to switch to a\npassword hashing\nalgorithm such as Argon2id or PBKDF2.\n\nNote that the `Crypto` and `Cryptodome` Python packages are no longer recommended for\nnew applications, instead consider using the [cryptography](https://cryptography.io/) package.\n\nExample of creating a SHA-384 hash using the `cryptography` package:\n```\nfrom cryptography.hazmat.primitives import hashes\n# Create a SHA384 digest\ndigest = hashes.Hash(hashes.SHA384())\n# Update the digest with some initial data\ndigest.update(b""some data to hash"")\n# Add more data to the digest\ndigest.update(b""some more data"")\n# Finalize the digest as bytes\nresult = digest.finalize()\n```\n\nFor more information on secure password storage see OWASP:\n- https://cheatsheetseries.owasp.org/cheatsheets/Password_Storage_Cheat_Sheet.html\n\nFor more information on the cryptography module see:\n- https://cryptography.io/en/latest/\n",,medium,,CWE-327,"""A3:2017 - Sensitive Data Exposure""; ""Bandit Test ID B303""; ""A02:2021 - Cryptographic Failures""; bandit.B303-1",2026-05-26 10:16:49 UTC,"{""file""=>""src/doctranslator/translator/translator.py"", ""start_line""=>333}",false,"",code-scanning-toolset/translation/98433,"",,98433
Code-Scanning-Toolset,Translation,sast,Semgrep,detected,Improper check for unusual or exceptional conditions,"The application was found using `assert` in non-test code. Usually reserved for debug and test\ncode, the `assert`\nfunction is commonly used to test conditions before continuing execution. However, enclosed\ncode will be removed\nwhen compiling Python code to optimized byte code. Depending on the assertion and subsequent\nlogic, this could\nlead to undefined behavior of the application or application crashes.\n\nTo remediate this issue, remove the `assert` calls. If necessary, replace them with either `if`\nconditions or\n`try/except` blocks.\n\nExample using `try/except` instead of `assert`:\n```\n# Below try/except is equal to the assert statement of:\n# assert user.is_authenticated(), ""user must be authenticated""\ntry:\n    if not user.is_authenticated():\n        raise AuthError(""user must be authenticated"")\nexcept AuthError as e:\n    # Handle error\n    # ...\n    # Return, do not continue processing\n    return\n```\n",,info,,CWE-754,"bandit.B101; ""A6:2017 - Security Misconfiguration""; ""A05:2021 - Security Misconfiguration""; ""Bandit Test ID B101""",2026-05-26 10:16:49 UTC,"{""file""=>""src/doctranslator/pdfminer/pdfinterp.py"", ""start_line""=>219}",false,"",code-scanning-toolset/translation/98434,"",,98434
Code-Scanning-Toolset,Translation,sast,Semgrep,detected,Improper check for unusual or exceptional conditions,"The application was found using `assert` in non-test code. Usually reserved for debug and test\ncode, the `assert`\nfunction is commonly used to test conditions before continuing execution. However, enclosed\ncode will be removed\nwhen compiling Python code to optimized byte code. Depending on the assertion and subsequent\nlogic, this could\nlead to undefined behavior of the application or application crashes.\n\nTo remediate this issue, remove the `assert` calls. If necessary, replace them with either `if`\nconditions or\n`try/except` blocks.\n\nExample using `try/except` instead of `assert`:\n```\n# Below try/except is equal to the assert statement of:\n# assert user.is_authenticated(), ""user must be authenticated""\ntry:\n    if not user.is_authenticated():\n        raise AuthError(""user must be authenticated"")\nexcept AuthError as e:\n    # Handle error\n    # ...\n    # Return, do not continue processing\n    return\n```\n",,info,,CWE-754,"bandit.B101; ""A6:2017 - Security Misconfiguration""; ""A05:2021 - Security Misconfiguration""; ""Bandit Test ID B101""",2026-05-26 10:16:49 UTC,"{""file""=>""src/doctranslator/format/pdf/high_level.py"", ""start_line""=>312}",false,"",code-scanning-toolset/translation/98435,"",,98435
Code-Scanning-Toolset,Translation,sast,Semgrep,detected,Use of a broken or risky cryptographic algorithm,"The application was found using an insecure or risky digest or signature algorithm. MD2, MD4,\n MD5  and SHA1 hash algorithms have been found to be vulnerable to producing collisions.\n\nThis means\nthat two different values, when hashed, can lead to the same hash value. If the application is\ntrying\nto use these hash methods for storing passwords, then it is recommended to switch to a\npassword hashing\nalgorithm such as Argon2id or PBKDF2.\n\nNote that the `Crypto` and `Cryptodome` Python packages are no longer recommended for\nnew applications, instead consider using the [cryptography](https://cryptography.io/) package.\n\nExample of creating a SHA-384 hash using the `cryptography` package:\n```\nfrom cryptography.hazmat.primitives import hashes\n# Create a SHA384 digest\ndigest = hashes.Hash(hashes.SHA384())\n# Update the digest with some initial data\ndigest.update(b""some data to hash"")\n# Add more data to the digest\ndigest.update(b""some more data"")\n# Finalize the digest as bytes\nresult = digest.finalize()\n```\n\nFor more information on secure password storage see OWASP:\n- https://cheatsheetseries.owasp.org/cheatsheets/Password_Storage_Cheat_Sheet.html\n\nFor more information on the cryptography module see:\n- https://cryptography.io/en/latest/\n",,medium,,CWE-327,"""A3:2017 - Sensitive Data Exposure""; ""Bandit Test ID B303""; ""A02:2021 - Cryptographic Failures""; bandit.B303-1",2026-05-26 10:16:49 UTC,"{""file""=>""src/doctranslator/pdfminer/pdfdocument.py"", ""start_line""=>561}",false,"",code-scanning-toolset/translation/98436,"",,98436
Code-Scanning-Toolset,Translation,sast,Semgrep,detected,Improper check for unusual or exceptional conditions,"The application was found using `assert` in non-test code. Usually reserved for debug and test\ncode, the `assert`\nfunction is commonly used to test conditions before continuing execution. However, enclosed\ncode will be removed\nwhen compiling Python code to optimized byte code. Depending on the assertion and subsequent\nlogic, this could\nlead to undefined behavior of the application or application crashes.\n\nTo remediate this issue, remove the `assert` calls. If necessary, replace them with either `if`\nconditions or\n`try/except` blocks.\n\nExample using `try/except` instead of `assert`:\n```\n# Below try/except is equal to the assert statement of:\n# assert user.is_authenticated(), ""user must be authenticated""\ntry:\n    if not user.is_authenticated():\n        raise AuthError(""user must be authenticated"")\nexcept AuthError as e:\n    # Handle error\n    # ...\n    # Return, do not continue processing\n    return\n```\n",,info,,CWE-754,"bandit.B101; ""A6:2017 - Security Misconfiguration""; ""A05:2021 - Security Misconfiguration""; ""Bandit Test ID B101""",2026-05-26 10:16:49 UTC,"{""file""=>""src/doctranslator/pdfminer/pdfdocument.py"", ""start_line""=>944}",false,"",code-scanning-toolset/translation/98437,"",,98437
Code-Scanning-Toolset,Translation,sast,Semgrep,detected,Improper check for unusual or exceptional conditions,"The application was found using `assert` in non-test code. Usually reserved for debug and test\ncode, the `assert`\nfunction is commonly used to test conditions before continuing execution. However, enclosed\ncode will be removed\nwhen compiling Python code to optimized byte code. Depending on the assertion and subsequent\nlogic, this could\nlead to undefined behavior of the application or application crashes.\n\nTo remediate this issue, remove the `assert` calls. If necessary, replace them with either `if`\nconditions or\n`try/except` blocks.\n\nExample using `try/except` instead of `assert`:\n```\n# Below try/except is equal to the assert statement of:\n# assert user.is_authenticated(), ""user must be authenticated""\ntry:\n    if not user.is_authenticated():\n        raise AuthError(""user must be authenticated"")\nexcept AuthError as e:\n    # Handle error\n    # ...\n    # Return, do not continue processing\n    return\n```\n",,info,,CWE-754,"bandit.B101; ""A6:2017 - Security Misconfiguration""; ""A05:2021 - Security Misconfiguration""; ""Bandit Test ID B101""",2026-05-26 10:16:49 UTC,"{""file""=>""src/doctranslator/format/pdf/document_il/utils/matrix_helper.py"", ""start_line""=>53}",false,"",code-scanning-toolset/translation/98438,"",,98438
Code-Scanning-Toolset,Translation,sast,Semgrep,detected,Improper check for unusual or exceptional conditions,"The application was found using `assert` in non-test code. Usually reserved for debug and test\ncode, the `assert`\nfunction is commonly used to test conditions before continuing execution. However, enclosed\ncode will be removed\nwhen compiling Python code to optimized byte code. Depending on the assertion and subsequent\nlogic, this could\nlead to undefined behavior of the application or application crashes.\n\nTo remediate this issue, remove the `assert` calls. If necessary, replace them with either `if`\nconditions or\n`try/except` blocks.\n\nExample using `try/except` instead of `assert`:\n```\n# Below try/except is equal to the assert statement of:\n# assert user.is_authenticated(), ""user must be authenticated""\ntry:\n    if not user.is_authenticated():\n        raise AuthError(""user must be authenticated"")\nexcept AuthError as e:\n    # Handle error\n    # ...\n    # Return, do not continue processing\n    return\n```\n",,info,,CWE-754,"bandit.B101; ""A6:2017 - Security Misconfiguration""; ""A05:2021 - Security Misconfiguration""; ""Bandit Test ID B101""",2026-05-26 10:16:49 UTC,"{""file""=>""src/doctranslator/tools/generate_cmap_metadata.py"", ""end_line""=>47, ""start_line""=>45}",false,"",code-scanning-toolset/translation/98439,"",,98439
Code-Scanning-Toolset,Translation,sast,Semgrep,detected,Use of a broken or risky cryptographic algorithm,"The application was found using an insecure or risky digest or signature algorithm. MD2, MD4,\n MD5  and SHA1 hash algorithms have been found to be vulnerable to producing collisions.\n\nThis means\nthat two different values, when hashed, can lead to the same hash value. If the application is\ntrying\nto use these hash methods for storing passwords, then it is recommended to switch to a\npassword hashing\nalgorithm such as Argon2id or PBKDF2.\n\nNote that the `Crypto` and `Cryptodome` Python packages are no longer recommended for\nnew applications, instead consider using the [cryptography](https://cryptography.io/) package.\n\nExample of creating a SHA-384 hash using the `cryptography` package:\n```\nfrom cryptography.hazmat.primitives import hashes\n# Create a SHA384 digest\ndigest = hashes.Hash(hashes.SHA384())\n# Update the digest with some initial data\ndigest.update(b""some data to hash"")\n# Add more data to the digest\ndigest.update(b""some more data"")\n# Finalize the digest as bytes\nresult = digest.finalize()\n```\n\nFor more information on secure password storage see OWASP:\n- https://cheatsheetseries.owasp.org/cheatsheets/Password_Storage_Cheat_Sheet.html\n\nFor more information on the cryptography module see:\n- https://cryptography.io/en/latest/\n",,medium,,CWE-327,"""A3:2017 - Sensitive Data Exposure""; ""Bandit Test ID B303""; ""A02:2021 - Cryptographic Failures""; bandit.B303-1",2026-05-26 10:16:49 UTC,"{""file""=>""src/doctranslator/pdfminer/pdfdocument.py"", ""start_line""=>415}",false,"",code-scanning-toolset/translation/98440,"",,98440
Code-Scanning-Toolset,Translation,sast,Semgrep,detected,Improper check for unusual or exceptional conditions,"The application was found using `assert` in non-test code. Usually reserved for debug and test\ncode, the `assert`\nfunction is commonly used to test conditions before continuing execution. However, enclosed\ncode will be removed\nwhen compiling Python code to optimized byte code. Depending on the assertion and subsequent\nlogic, this could\nlead to undefined behavior of the application or application crashes.\n\nTo remediate this issue, remove the `assert` calls. If necessary, replace them with either `if`\nconditions or\n`try/except` blocks.\n\nExample using `try/except` instead of `assert`:\n```\n# Below try/except is equal to the assert statement of:\n# assert user.is_authenticated(), ""user must be authenticated""\ntry:\n    if not user.is_authenticated():\n        raise AuthError(""user must be authenticated"")\nexcept AuthError as e:\n    # Handle error\n    # ...\n    # Return, do not continue processing\n    return\n```\n",,info,,CWE-754,"bandit.B101; ""A6:2017 - Security Misconfiguration""; ""A05:2021 - Security Misconfiguration""; ""Bandit Test ID B101""",2026-05-26 10:16:49 UTC,"{""file""=>""src/doctranslator/pdfminer/image.py"", ""start_line""=>74}",false,"",code-scanning-toolset/translation/98441,"",,98441
Code-Scanning-Toolset,Translation,sast,Semgrep,detected,Improper check for unusual or exceptional conditions,"The application was found using `assert` in non-test code. Usually reserved for debug and test\ncode, the `assert`\nfunction is commonly used to test conditions before continuing execution. However, enclosed\ncode will be removed\nwhen compiling Python code to optimized byte code. Depending on the assertion and subsequent\nlogic, this could\nlead to undefined behavior of the application or application crashes.\n\nTo remediate this issue, remove the `assert` calls. If necessary, replace them with either `if`\nconditions or\n`try/except` blocks.\n\nExample using `try/except` instead of `assert`:\n```\n# Below try/except is equal to the assert statement of:\n# assert user.is_authenticated(), ""user must be authenticated""\ntry:\n    if not user.is_authenticated():\n        raise AuthError(""user must be authenticated"")\nexcept AuthError as e:\n    # Handle error\n    # ...\n    # Return, do not continue processing\n    return\n```\n",,info,,CWE-754,"bandit.B101; ""A6:2017 - Security Misconfiguration""; ""A05:2021 - Security Misconfiguration""; ""Bandit Test ID B101""",2026-05-26 10:16:49 UTC,"{""file""=>""src/doctranslator/pdfminer/cmapdb.py"", ""start_line""=>392}",false,"",code-scanning-toolset/translation/98442,"",,98442
Code-Scanning-Toolset,Translation,sast,Semgrep,detected,Improper check for unusual or exceptional conditions,"The application was found using `assert` in non-test code. Usually reserved for debug and test\ncode, the `assert`\nfunction is commonly used to test conditions before continuing execution. However, enclosed\ncode will be removed\nwhen compiling Python code to optimized byte code. Depending on the assertion and subsequent\nlogic, this could\nlead to undefined behavior of the application or application crashes.\n\nTo remediate this issue, remove the `assert` calls. If necessary, replace them with either `if`\nconditions or\n`try/except` blocks.\n\nExample using `try/except` instead of `assert`:\n```\n# Below try/except is equal to the assert statement of:\n# assert user.is_authenticated(), ""user must be authenticated""\ntry:\n    if not user.is_authenticated():\n        raise AuthError(""user must be authenticated"")\nexcept AuthError as e:\n    # Handle error\n    # ...\n    # Return, do not continue processing\n    return\n```\n",,info,,CWE-754,"bandit.B101; ""A6:2017 - Security Misconfiguration""; ""A05:2021 - Security Misconfiguration""; ""Bandit Test ID B101""",2026-05-26 10:16:49 UTC,"{""file""=>""src/doctranslator/pdfminer/layout.py"", ""start_line""=>685}",false,"",code-scanning-toolset/translation/98443,"",,98443
Code-Scanning-Toolset,Translation,sast,Semgrep,detected,Improper check for unusual or exceptional conditions,"The application was found using `assert` in non-test code. Usually reserved for debug and test\ncode, the `assert`\nfunction is commonly used to test conditions before continuing execution. However, enclosed\ncode will be removed\nwhen compiling Python code to optimized byte code. Depending on the assertion and subsequent\nlogic, this could\nlead to undefined behavior of the application or application crashes.\n\nTo remediate this issue, remove the `assert` calls. If necessary, replace them with either `if`\nconditions or\n`try/except` blocks.\n\nExample using `try/except` instead of `assert`:\n```\n# Below try/except is equal to the assert statement of:\n# assert user.is_authenticated(), ""user must be authenticated""\ntry:\n    if not user.is_authenticated():\n        raise AuthError(""user must be authenticated"")\nexcept AuthError as e:\n    # Handle error\n    # ...\n    # Return, do not continue processing\n    return\n```\n",,info,,CWE-754,"bandit.B101; ""A6:2017 - Security Misconfiguration""; ""A05:2021 - Security Misconfiguration""; ""Bandit Test ID B101""",2026-05-26 10:16:49 UTC,"{""file""=>""src/doctranslator/pdfminer/pdftypes.py"", ""start_line""=>262}",false,"",code-scanning-toolset/translation/98444,"",,98444
Code-Scanning-Toolset,Translation,sast,Semgrep,detected,Improper check for unusual or exceptional conditions,"The application was found using `assert` in non-test code. Usually reserved for debug and test\ncode, the `assert`\nfunction is commonly used to test conditions before continuing execution. However, enclosed\ncode will be removed\nwhen compiling Python code to optimized byte code. Depending on the assertion and subsequent\nlogic, this could\nlead to undefined behavior of the application or application crashes.\n\nTo remediate this issue, remove the `assert` calls. If necessary, replace them with either `if`\nconditions or\n`try/except` blocks.\n\nExample using `try/except` instead of `assert`:\n```\n# Below try/except is equal to the assert statement of:\n# assert user.is_authenticated(), ""user must be authenticated""\ntry:\n    if not user.is_authenticated():\n        raise AuthError(""user must be authenticated"")\nexcept AuthError as e:\n    # Handle error\n    # ...\n    # Return, do not continue processing\n    return\n```\n",,info,,CWE-754,"bandit.B101; ""A6:2017 - Security Misconfiguration""; ""A05:2021 - Security Misconfiguration""; ""Bandit Test ID B101""",2026-05-26 10:16:49 UTC,"{""file""=>""src/doctranslator/format/pdf/converter.py"", ""start_line""=>155}",false,"",code-scanning-toolset/translation/98445,"",,98445
Code-Scanning-Toolset,Translation,sast,Semgrep,detected,Improper check for unusual or exceptional conditions,"The application was found using `assert` in non-test code. Usually reserved for debug and test\ncode, the `assert`\nfunction is commonly used to test conditions before continuing execution. However, enclosed\ncode will be removed\nwhen compiling Python code to optimized byte code. Depending on the assertion and subsequent\nlogic, this could\nlead to undefined behavior of the application or application crashes.\n\nTo remediate this issue, remove the `assert` calls. If necessary, replace them with either `if`\nconditions or\n`try/except` blocks.\n\nExample using `try/except` instead of `assert`:\n```\n# Below try/except is equal to the assert statement of:\n# assert user.is_authenticated(), ""user must be authenticated""\ntry:\n    if not user.is_authenticated():\n        raise AuthError(""user must be authenticated"")\nexcept AuthError as e:\n    # Handle error\n    # ...\n    # Return, do not continue processing\n    return\n```\n",,info,,CWE-754,"bandit.B101; ""A6:2017 - Security Misconfiguration""; ""A05:2021 - Security Misconfiguration""; ""Bandit Test ID B101""",2026-05-26 10:16:49 UTC,"{""file""=>""src/doctranslator/pdfminer/pdfdocument.py"", ""start_line""=>494}",false,"",code-scanning-toolset/translation/98446,"",,98446
Code-Scanning-Toolset,Translation,sast,Semgrep,detected,Improper check for unusual or exceptional conditions,"The application was found using `assert` in non-test code. Usually reserved for debug and test\ncode, the `assert`\nfunction is commonly used to test conditions before continuing execution. However, enclosed\ncode will be removed\nwhen compiling Python code to optimized byte code. Depending on the assertion and subsequent\nlogic, this could\nlead to undefined behavior of the application or application crashes.\n\nTo remediate this issue, remove the `assert` calls. If necessary, replace them with either `if`\nconditions or\n`try/except` blocks.\n\nExample using `try/except` instead of `assert`:\n```\n# Below try/except is equal to the assert statement of:\n# assert user.is_authenticated(), ""user must be authenticated""\ntry:\n    if not user.is_authenticated():\n        raise AuthError(""user must be authenticated"")\nexcept AuthError as e:\n    # Handle error\n    # ...\n    # Return, do not continue processing\n    return\n```\n",,info,,CWE-754,"bandit.B101; ""A6:2017 - Security Misconfiguration""; ""A05:2021 - Security Misconfiguration""; ""Bandit Test ID B101""",2026-05-26 10:16:49 UTC,"{""file""=>""src/doctranslator/format/pdf/pdfinterp.py"", ""start_line""=>437}",false,"",code-scanning-toolset/translation/98447,"",,98447
Code-Scanning-Toolset,Translation,sast,Semgrep,detected,Improper check for unusual or exceptional conditions,"The application was found using `assert` in non-test code. Usually reserved for debug and test\ncode, the `assert`\nfunction is commonly used to test conditions before continuing execution. However, enclosed\ncode will be removed\nwhen compiling Python code to optimized byte code. Depending on the assertion and subsequent\nlogic, this could\nlead to undefined behavior of the application or application crashes.\n\nTo remediate this issue, remove the `assert` calls. If necessary, replace them with either `if`\nconditions or\n`try/except` blocks.\n\nExample using `try/except` instead of `assert`:\n```\n# Below try/except is equal to the assert statement of:\n# assert user.is_authenticated(), ""user must be authenticated""\ntry:\n    if not user.is_authenticated():\n        raise AuthError(""user must be authenticated"")\nexcept AuthError as e:\n    # Handle error\n    # ...\n    # Return, do not continue processing\n    return\n```\n",,info,,CWE-754,"bandit.B101; ""A6:2017 - Security Misconfiguration""; ""A05:2021 - Security Misconfiguration""; ""Bandit Test ID B101""",2026-05-26 10:16:49 UTC,"{""file""=>""src/doctranslator/pdfminer/image.py"", ""start_line""=>64}",false,"",code-scanning-toolset/translation/98448,"",,98448
Code-Scanning-Toolset,Translation,sast,Semgrep,detected,Improper check for unusual or exceptional conditions,"The application was found using `assert` in non-test code. Usually reserved for debug and test\ncode, the `assert`\nfunction is commonly used to test conditions before continuing execution. However, enclosed\ncode will be removed\nwhen compiling Python code to optimized byte code. Depending on the assertion and subsequent\nlogic, this could\nlead to undefined behavior of the application or application crashes.\n\nTo remediate this issue, remove the `assert` calls. If necessary, replace them with either `if`\nconditions or\n`try/except` blocks.\n\nExample using `try/except` instead of `assert`:\n```\n# Below try/except is equal to the assert statement of:\n# assert user.is_authenticated(), ""user must be authenticated""\ntry:\n    if not user.is_authenticated():\n        raise AuthError(""user must be authenticated"")\nexcept AuthError as e:\n    # Handle error\n    # ...\n    # Return, do not continue processing\n    return\n```\n",,info,,CWE-754,"bandit.B101; ""A6:2017 - Security Misconfiguration""; ""A05:2021 - Security Misconfiguration""; ""Bandit Test ID B101""",2026-05-26 10:16:49 UTC,"{""file""=>""src/doctranslator/pdfminer/pdftypes.py"", ""start_line""=>384}",false,"",code-scanning-toolset/translation/98449,"",,98449
Code-Scanning-Toolset,Translation,sast,Semgrep,detected,Improper check for unusual or exceptional conditions,"The application was found using `assert` in non-test code. Usually reserved for debug and test\ncode, the `assert`\nfunction is commonly used to test conditions before continuing execution. However, enclosed\ncode will be removed\nwhen compiling Python code to optimized byte code. Depending on the assertion and subsequent\nlogic, this could\nlead to undefined behavior of the application or application crashes.\n\nTo remediate this issue, remove the `assert` calls. If necessary, replace them with either `if`\nconditions or\n`try/except` blocks.\n\nExample using `try/except` instead of `assert`:\n```\n# Below try/except is equal to the assert statement of:\n# assert user.is_authenticated(), ""user must be authenticated""\ntry:\n    if not user.is_authenticated():\n        raise AuthError(""user must be authenticated"")\nexcept AuthError as e:\n    # Handle error\n    # ...\n    # Return, do not continue processing\n    return\n```\n",,info,,CWE-754,"bandit.B101; ""A6:2017 - Security Misconfiguration""; ""A05:2021 - Security Misconfiguration""; ""Bandit Test ID B101""",2026-05-26 10:16:49 UTC,"{""file""=>""src/doctranslator/format/pdf/document_il/midend/typesetting.py"", ""start_line""=>242}",false,"",code-scanning-toolset/translation/98450,"",,98450
Code-Scanning-Toolset,Translation,sast,Semgrep,detected,Improper check for unusual or exceptional conditions,"The application was found using `assert` in non-test code. Usually reserved for debug and test\ncode, the `assert`\nfunction is commonly used to test conditions before continuing execution. However, enclosed\ncode will be removed\nwhen compiling Python code to optimized byte code. Depending on the assertion and subsequent\nlogic, this could\nlead to undefined behavior of the application or application crashes.\n\nTo remediate this issue, remove the `assert` calls. If necessary, replace them with either `if`\nconditions or\n`try/except` blocks.\n\nExample using `try/except` instead of `assert`:\n```\n# Below try/except is equal to the assert statement of:\n# assert user.is_authenticated(), ""user must be authenticated""\ntry:\n    if not user.is_authenticated():\n        raise AuthError(""user must be authenticated"")\nexcept AuthError as e:\n    # Handle error\n    # ...\n    # Return, do not continue processing\n    return\n```\n",,info,,CWE-754,"bandit.B101; ""A6:2017 - Security Misconfiguration""; ""A05:2021 - Security Misconfiguration""; ""Bandit Test ID B101""",2026-05-26 10:16:49 UTC,"{""file""=>""src/doctranslator/pdfminer/pdfdocument.py"", ""start_line""=>848}",false,"",code-scanning-toolset/translation/98451,"",,98451
Code-Scanning-Toolset,Translation,sast,Semgrep,detected,Improper check for unusual or exceptional conditions,"The application was found using `assert` in non-test code. Usually reserved for debug and test\ncode, the `assert`\nfunction is commonly used to test conditions before continuing execution. However, enclosed\ncode will be removed\nwhen compiling Python code to optimized byte code. Depending on the assertion and subsequent\nlogic, this could\nlead to undefined behavior of the application or application crashes.\n\nTo remediate this issue, remove the `assert` calls. If necessary, replace them with either `if`\nconditions or\n`try/except` blocks.\n\nExample using `try/except` instead of `assert`:\n```\n# Below try/except is equal to the assert statement of:\n# assert user.is_authenticated(), ""user must be authenticated""\ntry:\n    if not user.is_authenticated():\n        raise AuthError(""user must be authenticated"")\nexcept AuthError as e:\n    # Handle error\n    # ...\n    # Return, do not continue processing\n    return\n```\n",,info,,CWE-754,"bandit.B101; ""A6:2017 - Security Misconfiguration""; ""A05:2021 - Security Misconfiguration""; ""Bandit Test ID B101""",2026-05-26 10:16:49 UTC,"{""file""=>""src/doctranslator/pdfminer/pdfdocument.py"", ""start_line""=>347}",false,"",code-scanning-toolset/translation/98452,"",,98452
Code-Scanning-Toolset,Translation,sast,Semgrep,detected,Improper check for unusual or exceptional conditions,"The application was found using `assert` in non-test code. Usually reserved for debug and test\ncode, the `assert`\nfunction is commonly used to test conditions before continuing execution. However, enclosed\ncode will be removed\nwhen compiling Python code to optimized byte code. Depending on the assertion and subsequent\nlogic, this could\nlead to undefined behavior of the application or application crashes.\n\nTo remediate this issue, remove the `assert` calls. If necessary, replace them with either `if`\nconditions or\n`try/except` blocks.\n\nExample using `try/except` instead of `assert`:\n```\n# Below try/except is equal to the assert statement of:\n# assert user.is_authenticated(), ""user must be authenticated""\ntry:\n    if not user.is_authenticated():\n        raise AuthError(""user must be authenticated"")\nexcept AuthError as e:\n    # Handle error\n    # ...\n    # Return, do not continue processing\n    return\n```\n",,info,,CWE-754,"bandit.B101; ""A6:2017 - Security Misconfiguration""; ""A05:2021 - Security Misconfiguration""; ""Bandit Test ID B101""",2026-05-26 10:16:49 UTC,"{""file""=>""src/doctranslator/format/pdf/document_il/utils/matrix_helper.py"", ""start_line""=>56}",false,"",code-scanning-toolset/translation/98453,"",,98453
Code-Scanning-Toolset,Translation,sast,Semgrep,detected,Improper check for unusual or exceptional conditions,"The application was found using `assert` in non-test code. Usually reserved for debug and test\ncode, the `assert`\nfunction is commonly used to test conditions before continuing execution. However, enclosed\ncode will be removed\nwhen compiling Python code to optimized byte code. Depending on the assertion and subsequent\nlogic, this could\nlead to undefined behavior of the application or application crashes.\n\nTo remediate this issue, remove the `assert` calls. If necessary, replace them with either `if`\nconditions or\n`try/except` blocks.\n\nExample using `try/except` instead of `assert`:\n```\n# Below try/except is equal to the assert statement of:\n# assert user.is_authenticated(), ""user must be authenticated""\ntry:\n    if not user.is_authenticated():\n        raise AuthError(""user must be authenticated"")\nexcept AuthError as e:\n    # Handle error\n    # ...\n    # Return, do not continue processing\n    return\n```\n",,info,,CWE-754,"bandit.B101; ""A6:2017 - Security Misconfiguration""; ""A05:2021 - Security Misconfiguration""; ""Bandit Test ID B101""",2026-05-26 10:16:49 UTC,"{""file""=>""src/doctranslator/tools/generate_cmap_metadata.py"", ""start_line""=>44}",false,"",code-scanning-toolset/translation/98454,"",,98454
Code-Scanning-Toolset,Translation,sast,Semgrep,detected,Improper check for unusual or exceptional conditions,"The application was found using `assert` in non-test code. Usually reserved for debug and test\ncode, the `assert`\nfunction is commonly used to test conditions before continuing execution. However, enclosed\ncode will be removed\nwhen compiling Python code to optimized byte code. Depending on the assertion and subsequent\nlogic, this could\nlead to undefined behavior of the application or application crashes.\n\nTo remediate this issue, remove the `assert` calls. If necessary, replace them with either `if`\nconditions or\n`try/except` blocks.\n\nExample using `try/except` instead of `assert`:\n```\n# Below try/except is equal to the assert statement of:\n# assert user.is_authenticated(), ""user must be authenticated""\ntry:\n    if not user.is_authenticated():\n        raise AuthError(""user must be authenticated"")\nexcept AuthError as e:\n    # Handle error\n    # ...\n    # Return, do not continue processing\n    return\n```\n",,info,,CWE-754,"bandit.B101; ""A6:2017 - Security Misconfiguration""; ""A05:2021 - Security Misconfiguration""; ""Bandit Test ID B101""",2026-05-26 10:16:51 UTC,"{""file""=>""src/doctranslator/pdfminer/pdftypes.py"", ""start_line""=>269}",false,"",code-scanning-toolset/translation/98455,"",,98455
Code-Scanning-Toolset,Translation,sast,Semgrep,detected,Improper check for unusual or exceptional conditions,"The application was found using `assert` in non-test code. Usually reserved for debug and test\ncode, the `assert`\nfunction is commonly used to test conditions before continuing execution. However, enclosed\ncode will be removed\nwhen compiling Python code to optimized byte code. Depending on the assertion and subsequent\nlogic, this could\nlead to undefined behavior of the application or application crashes.\n\nTo remediate this issue, remove the `assert` calls. If necessary, replace them with either `if`\nconditions or\n`try/except` blocks.\n\nExample using `try/except` instead of `assert`:\n```\n# Below try/except is equal to the assert statement of:\n# assert user.is_authenticated(), ""user must be authenticated""\ntry:\n    if not user.is_authenticated():\n        raise AuthError(""user must be authenticated"")\nexcept AuthError as e:\n    # Handle error\n    # ...\n    # Return, do not continue processing\n    return\n```\n",,info,,CWE-754,"bandit.B101; ""A6:2017 - Security Misconfiguration""; ""A05:2021 - Security Misconfiguration""; ""Bandit Test ID B101""",2026-05-26 10:16:51 UTC,"{""file""=>""src/doctranslator/pdfminer/converter.py"", ""start_line""=>78}",false,"",code-scanning-toolset/translation/98456,"",,98456
Code-Scanning-Toolset,Translation,sast,Semgrep,detected,Improper check for unusual or exceptional conditions,"The application was found using `assert` in non-test code. Usually reserved for debug and test\ncode, the `assert`\nfunction is commonly used to test conditions before continuing execution. However, enclosed\ncode will be removed\nwhen compiling Python code to optimized byte code. Depending on the assertion and subsequent\nlogic, this could\nlead to undefined behavior of the application or application crashes.\n\nTo remediate this issue, remove the `assert` calls. If necessary, replace them with either `if`\nconditions or\n`try/except` blocks.\n\nExample using `try/except` instead of `assert`:\n```\n# Below try/except is equal to the assert statement of:\n# assert user.is_authenticated(), ""user must be authenticated""\ntry:\n    if not user.is_authenticated():\n        raise AuthError(""user must be authenticated"")\nexcept AuthError as e:\n    # Handle error\n    # ...\n    # Return, do not continue processing\n    return\n```\n",,info,,CWE-754,"bandit.B101; ""A6:2017 - Security Misconfiguration""; ""A05:2021 - Security Misconfiguration""; ""Bandit Test ID B101""",2026-05-26 10:16:51 UTC,"{""file""=>""src/doctranslator/pdfminer/pdftypes.py"", ""start_line""=>99}",false,"",code-scanning-toolset/translation/98457,"",,98457
Code-Scanning-Toolset,Translation,sast,Semgrep,detected,Improper check for unusual or exceptional conditions,"The application was found using `assert` in non-test code. Usually reserved for debug and test\ncode, the `assert`\nfunction is commonly used to test conditions before continuing execution. However, enclosed\ncode will be removed\nwhen compiling Python code to optimized byte code. Depending on the assertion and subsequent\nlogic, this could\nlead to undefined behavior of the application or application crashes.\n\nTo remediate this issue, remove the `assert` calls. If necessary, replace them with either `if`\nconditions or\n`try/except` blocks.\n\nExample using `try/except` instead of `assert`:\n```\n# Below try/except is equal to the assert statement of:\n# assert user.is_authenticated(), ""user must be authenticated""\ntry:\n    if not user.is_authenticated():\n        raise AuthError(""user must be authenticated"")\nexcept AuthError as e:\n    # Handle error\n    # ...\n    # Return, do not continue processing\n    return\n```\n",,info,,CWE-754,"bandit.B101; ""A6:2017 - Security Misconfiguration""; ""A05:2021 - Security Misconfiguration""; ""Bandit Test ID B101""",2026-05-26 10:16:51 UTC,"{""file""=>""src/doctranslator/format/pdf/document_il/utils/matrix_helper.py"", ""start_line""=>199}",false,"",code-scanning-toolset/translation/98458,"",,98458
Code-Scanning-Toolset,Translation,sast,Semgrep,detected,Improper check for unusual or exceptional conditions,"The application was found using `assert` in non-test code. Usually reserved for debug and test\ncode, the `assert`\nfunction is commonly used to test conditions before continuing execution. However, enclosed\ncode will be removed\nwhen compiling Python code to optimized byte code. Depending on the assertion and subsequent\nlogic, this could\nlead to undefined behavior of the application or application crashes.\n\nTo remediate this issue, remove the `assert` calls. If necessary, replace them with either `if`\nconditions or\n`try/except` blocks.\n\nExample using `try/except` instead of `assert`:\n```\n# Below try/except is equal to the assert statement of:\n# assert user.is_authenticated(), ""user must be authenticated""\ntry:\n    if not user.is_authenticated():\n        raise AuthError(""user must be authenticated"")\nexcept AuthError as e:\n    # Handle error\n    # ...\n    # Return, do not continue processing\n    return\n```\n",,info,,CWE-754,"bandit.B101; ""A6:2017 - Security Misconfiguration""; ""A05:2021 - Security Misconfiguration""; ""Bandit Test ID B101""",2026-05-26 10:16:51 UTC,"{""file""=>""src/doctranslator/pdfminer/layout.py"", ""start_line""=>190}",false,"",code-scanning-toolset/translation/98459,"",,98459
Code-Scanning-Toolset,Translation,sast,Semgrep,detected,Improper check for unusual or exceptional conditions,"The application was found using `assert` in non-test code. Usually reserved for debug and test\ncode, the `assert`\nfunction is commonly used to test conditions before continuing execution. However, enclosed\ncode will be removed\nwhen compiling Python code to optimized byte code. Depending on the assertion and subsequent\nlogic, this could\nlead to undefined behavior of the application or application crashes.\n\nTo remediate this issue, remove the `assert` calls. If necessary, replace them with either `if`\nconditions or\n`try/except` blocks.\n\nExample using `try/except` instead of `assert`:\n```\n# Below try/except is equal to the assert statement of:\n# assert user.is_authenticated(), ""user must be authenticated""\ntry:\n    if not user.is_authenticated():\n        raise AuthError(""user must be authenticated"")\nexcept AuthError as e:\n    # Handle error\n    # ...\n    # Return, do not continue processing\n    return\n```\n",,info,,CWE-754,"bandit.B101; ""A6:2017 - Security Misconfiguration""; ""A05:2021 - Security Misconfiguration""; ""Bandit Test ID B101""",2026-05-26 10:16:51 UTC,"{""file""=>""src/doctranslator/format/pdf/document_il/backend/pdf_creater.py"", ""start_line""=>456}",false,"",code-scanning-toolset/translation/98460,"",,98460
Code-Scanning-Toolset,Translation,sast,Semgrep,detected,Improper check for unusual or exceptional conditions,"The application was found using `assert` in non-test code. Usually reserved for debug and test\ncode, the `assert`\nfunction is commonly used to test conditions before continuing execution. However, enclosed\ncode will be removed\nwhen compiling Python code to optimized byte code. Depending on the assertion and subsequent\nlogic, this could\nlead to undefined behavior of the application or application crashes.\n\nTo remediate this issue, remove the `assert` calls. If necessary, replace them with either `if`\nconditions or\n`try/except` blocks.\n\nExample using `try/except` instead of `assert`:\n```\n# Below try/except is equal to the assert statement of:\n# assert user.is_authenticated(), ""user must be authenticated""\ntry:\n    if not user.is_authenticated():\n        raise AuthError(""user must be authenticated"")\nexcept AuthError as e:\n    # Handle error\n    # ...\n    # Return, do not continue processing\n    return\n```\n",,info,,CWE-754,"bandit.B101; ""A6:2017 - Security Misconfiguration""; ""A05:2021 - Security Misconfiguration""; ""Bandit Test ID B101""",2026-05-26 10:16:51 UTC,"{""file""=>""src/doctranslator/pdfminer/pdfdocument.py"", ""start_line""=>554}",false,"",code-scanning-toolset/translation/98461,"",,98461
Code-Scanning-Toolset,Translation,sast,Semgrep,detected,Improper check for unusual or exceptional conditions,"The application was found using `assert` in non-test code. Usually reserved for debug and test\ncode, the `assert`\nfunction is commonly used to test conditions before continuing execution. However, enclosed\ncode will be removed\nwhen compiling Python code to optimized byte code. Depending on the assertion and subsequent\nlogic, this could\nlead to undefined behavior of the application or application crashes.\n\nTo remediate this issue, remove the `assert` calls. If necessary, replace them with either `if`\nconditions or\n`try/except` blocks.\n\nExample using `try/except` instead of `assert`:\n```\n# Below try/except is equal to the assert statement of:\n# assert user.is_authenticated(), ""user must be authenticated""\ntry:\n    if not user.is_authenticated():\n        raise AuthError(""user must be authenticated"")\nexcept AuthError as e:\n    # Handle error\n    # ...\n    # Return, do not continue processing\n    return\n```\n",,info,,CWE-754,"bandit.B101; ""A6:2017 - Security Misconfiguration""; ""A05:2021 - Security Misconfiguration""; ""Bandit Test ID B101""",2026-05-26 10:16:51 UTC,"{""file""=>""src/doctranslator/pdfminer/layout.py"", ""start_line""=>183}",false,"",code-scanning-toolset/translation/98462,"",,98462
Code-Scanning-Toolset,Translation,sast,Semgrep,detected,Use of a broken or risky cryptographic algorithm,"The application was found using an insecure or risky digest or signature algorithm. MD2, MD4,\n MD5  and SHA1 hash algorithms have been found to be vulnerable to producing collisions.\n\nThis means\nthat two different values, when hashed, can lead to the same hash value. If the application is\ntrying\nto use these hash methods for storing passwords, then it is recommended to switch to a\npassword hashing\nalgorithm such as Argon2id or PBKDF2.\n\nNote that the `Crypto` and `Cryptodome` Python packages are no longer recommended for\nnew applications, instead consider using the [cryptography](https://cryptography.io/) package.\n\nExample of creating a SHA-384 hash using the `cryptography` package:\n```\nfrom cryptography.hazmat.primitives import hashes\n# Create a SHA384 digest\ndigest = hashes.Hash(hashes.SHA384())\n# Update the digest with some initial data\ndigest.update(b""some data to hash"")\n# Add more data to the digest\ndigest.update(b""some more data"")\n# Finalize the digest as bytes\nresult = digest.finalize()\n```\n\nFor more information on secure password storage see OWASP:\n- https://cheatsheetseries.owasp.org/cheatsheets/Password_Storage_Cheat_Sheet.html\n\nFor more information on the cryptography module see:\n- https://cryptography.io/en/latest/\n",,medium,,CWE-327,"""A3:2017 - Sensitive Data Exposure""; ""Bandit Test ID B303""; ""A02:2021 - Cryptographic Failures""; bandit.B303-1",2026-05-26 10:16:51 UTC,"{""file""=>""src/api/services/quality_judge_service.py"", ""start_line""=>105}",false,"",code-scanning-toolset/translation/98463,"",,98463
Code-Scanning-Toolset,Translation,sast,Semgrep,detected,Improper check for unusual or exceptional conditions,"The application was found using `assert` in non-test code. Usually reserved for debug and test\ncode, the `assert`\nfunction is commonly used to test conditions before continuing execution. However, enclosed\ncode will be removed\nwhen compiling Python code to optimized byte code. Depending on the assertion and subsequent\nlogic, this could\nlead to undefined behavior of the application or application crashes.\n\nTo remediate this issue, remove the `assert` calls. If necessary, replace them with either `if`\nconditions or\n`try/except` blocks.\n\nExample using `try/except` instead of `assert`:\n```\n# Below try/except is equal to the assert statement of:\n# assert user.is_authenticated(), ""user must be authenticated""\ntry:\n    if not user.is_authenticated():\n        raise AuthError(""user must be authenticated"")\nexcept AuthError as e:\n    # Handle error\n    # ...\n    # Return, do not continue processing\n    return\n```\n",,info,,CWE-754,"bandit.B101; ""A6:2017 - Security Misconfiguration""; ""A05:2021 - Security Misconfiguration""; ""Bandit Test ID B101""",2026-05-26 10:16:51 UTC,"{""file""=>""src/doctranslator/pdfminer/high_level.py"", ""start_line""=>137}",false,"",code-scanning-toolset/translation/98464,"",,98464
Code-Scanning-Toolset,Translation,sast,Semgrep,detected,Improper check for unusual or exceptional conditions,"The application was found using `assert` in non-test code. Usually reserved for debug and test\ncode, the `assert`\nfunction is commonly used to test conditions before continuing execution. However, enclosed\ncode will be removed\nwhen compiling Python code to optimized byte code. Depending on the assertion and subsequent\nlogic, this could\nlead to undefined behavior of the application or application crashes.\n\nTo remediate this issue, remove the `assert` calls. If necessary, replace them with either `if`\nconditions or\n`try/except` blocks.\n\nExample using `try/except` instead of `assert`:\n```\n# Below try/except is equal to the assert statement of:\n# assert user.is_authenticated(), ""user must be authenticated""\ntry:\n    if not user.is_authenticated():\n        raise AuthError(""user must be authenticated"")\nexcept AuthError as e:\n    # Handle error\n    # ...\n    # Return, do not continue processing\n    return\n```\n",,info,,CWE-754,"bandit.B101; ""A6:2017 - Security Misconfiguration""; ""A05:2021 - Security Misconfiguration""; ""Bandit Test ID B101""",2026-05-26 10:16:51 UTC,"{""file""=>""src/doctranslator/pdfminer/jbig2.py"", ""start_line""=>350}",false,"",code-scanning-toolset/translation/98465,"",,98465
Code-Scanning-Toolset,Translation,sast,Semgrep,detected,Improper check for unusual or exceptional conditions,"The application was found using `assert` in non-test code. Usually reserved for debug and test\ncode, the `assert`\nfunction is commonly used to test conditions before continuing execution. However, enclosed\ncode will be removed\nwhen compiling Python code to optimized byte code. Depending on the assertion and subsequent\nlogic, this could\nlead to undefined behavior of the application or application crashes.\n\nTo remediate this issue, remove the `assert` calls. If necessary, replace them with either `if`\nconditions or\n`try/except` blocks.\n\nExample using `try/except` instead of `assert`:\n```\n# Below try/except is equal to the assert statement of:\n# assert user.is_authenticated(), ""user must be authenticated""\ntry:\n    if not user.is_authenticated():\n        raise AuthError(""user must be authenticated"")\nexcept AuthError as e:\n    # Handle error\n    # ...\n    # Return, do not continue processing\n    return\n```\n",,info,,CWE-754,"bandit.B101; ""A6:2017 - Security Misconfiguration""; ""A05:2021 - Security Misconfiguration""; ""Bandit Test ID B101""",2026-05-26 10:16:51 UTC,"{""file""=>""src/doctranslator/pdfminer/pdfdevice.py"", ""start_line""=>118}",false,"",code-scanning-toolset/translation/98466,"",,98466
Code-Scanning-Toolset,Translation,sast,Semgrep,detected,Improper check for unusual or exceptional conditions,"The application was found using `assert` in non-test code. Usually reserved for debug and test\ncode, the `assert`\nfunction is commonly used to test conditions before continuing execution. However, enclosed\ncode will be removed\nwhen compiling Python code to optimized byte code. Depending on the assertion and subsequent\nlogic, this could\nlead to undefined behavior of the application or application crashes.\n\nTo remediate this issue, remove the `assert` calls. If necessary, replace them with either `if`\nconditions or\n`try/except` blocks.\n\nExample using `try/except` instead of `assert`:\n```\n# Below try/except is equal to the assert statement of:\n# assert user.is_authenticated(), ""user must be authenticated""\ntry:\n    if not user.is_authenticated():\n        raise AuthError(""user must be authenticated"")\nexcept AuthError as e:\n    # Handle error\n    # ...\n    # Return, do not continue processing\n    return\n```\n",,info,,CWE-754,"bandit.B101; ""A6:2017 - Security Misconfiguration""; ""A05:2021 - Security Misconfiguration""; ""Bandit Test ID B101""",2026-05-26 10:16:51 UTC,"{""file""=>""src/doctranslator/format/pdf/document_il/utils/matrix_helper.py"", ""start_line""=>200}",false,"",code-scanning-toolset/translation/98467,"",,98467
Code-Scanning-Toolset,Translation,sast,Semgrep,detected,Improper check for unusual or exceptional conditions,"The application was found using `assert` in non-test code. Usually reserved for debug and test\ncode, the `assert`\nfunction is commonly used to test conditions before continuing execution. However, enclosed\ncode will be removed\nwhen compiling Python code to optimized byte code. Depending on the assertion and subsequent\nlogic, this could\nlead to undefined behavior of the application or application crashes.\n\nTo remediate this issue, remove the `assert` calls. If necessary, replace them with either `if`\nconditions or\n`try/except` blocks.\n\nExample using `try/except` instead of `assert`:\n```\n# Below try/except is equal to the assert statement of:\n# assert user.is_authenticated(), ""user must be authenticated""\ntry:\n    if not user.is_authenticated():\n        raise AuthError(""user must be authenticated"")\nexcept AuthError as e:\n    # Handle error\n    # ...\n    # Return, do not continue processing\n    return\n```\n",,info,,CWE-754,"bandit.B101; ""A6:2017 - Security Misconfiguration""; ""A05:2021 - Security Misconfiguration""; ""Bandit Test ID B101""",2026-05-26 10:16:51 UTC,"{""file""=>""src/doctranslator/format/pdf/document_il/utils/fontmap.py"", ""start_line""=>338}",false,"",code-scanning-toolset/translation/98468,"",,98468
Code-Scanning-Toolset,Translation,sast,Semgrep,detected,Improper check for unusual or exceptional conditions,"The application was found using `assert` in non-test code. Usually reserved for debug and test\ncode, the `assert`\nfunction is commonly used to test conditions before continuing execution. However, enclosed\ncode will be removed\nwhen compiling Python code to optimized byte code. Depending on the assertion and subsequent\nlogic, this could\nlead to undefined behavior of the application or application crashes.\n\nTo remediate this issue, remove the `assert` calls. If necessary, replace them with either `if`\nconditions or\n`try/except` blocks.\n\nExample using `try/except` instead of `assert`:\n```\n# Below try/except is equal to the assert statement of:\n# assert user.is_authenticated(), ""user must be authenticated""\ntry:\n    if not user.is_authenticated():\n        raise AuthError(""user must be authenticated"")\nexcept AuthError as e:\n    # Handle error\n    # ...\n    # Return, do not continue processing\n    return\n```\n",,info,,CWE-754,"bandit.B101; ""A6:2017 - Security Misconfiguration""; ""A05:2021 - Security Misconfiguration""; ""Bandit Test ID B101""",2026-05-26 10:16:51 UTC,"{""file""=>""src/doctranslator/pdfminer/pdfdocument.py"", ""start_line""=>818}",false,"",code-scanning-toolset/translation/98469,"",,98469
Code-Scanning-Toolset,Translation,sast,Semgrep,detected,Improper check for unusual or exceptional conditions,"The application was found using `assert` in non-test code. Usually reserved for debug and test\ncode, the `assert`\nfunction is commonly used to test conditions before continuing execution. However, enclosed\ncode will be removed\nwhen compiling Python code to optimized byte code. Depending on the assertion and subsequent\nlogic, this could\nlead to undefined behavior of the application or application crashes.\n\nTo remediate this issue, remove the `assert` calls. If necessary, replace them with either `if`\nconditions or\n`try/except` blocks.\n\nExample using `try/except` instead of `assert`:\n```\n# Below try/except is equal to the assert statement of:\n# assert user.is_authenticated(), ""user must be authenticated""\ntry:\n    if not user.is_authenticated():\n        raise AuthError(""user must be authenticated"")\nexcept AuthError as e:\n    # Handle error\n    # ...\n    # Return, do not continue processing\n    return\n```\n",,info,,CWE-754,"bandit.B101; ""A6:2017 - Security Misconfiguration""; ""A05:2021 - Security Misconfiguration""; ""Bandit Test ID B101""",2026-05-26 10:16:51 UTC,"{""file""=>""src/doctranslator/pdfminer/pdffont.py"", ""start_line""=>216}",false,"",code-scanning-toolset/translation/98470,"",,98470
Code-Scanning-Toolset,Translation,sast,Semgrep,detected,Improper check for unusual or exceptional conditions,"The application was found using `assert` in non-test code. Usually reserved for debug and test\ncode, the `assert`\nfunction is commonly used to test conditions before continuing execution. However, enclosed\ncode will be removed\nwhen compiling Python code to optimized byte code. Depending on the assertion and subsequent\nlogic, this could\nlead to undefined behavior of the application or application crashes.\n\nTo remediate this issue, remove the `assert` calls. If necessary, replace them with either `if`\nconditions or\n`try/except` blocks.\n\nExample using `try/except` instead of `assert`:\n```\n# Below try/except is equal to the assert statement of:\n# assert user.is_authenticated(), ""user must be authenticated""\ntry:\n    if not user.is_authenticated():\n        raise AuthError(""user must be authenticated"")\nexcept AuthError as e:\n    # Handle error\n    # ...\n    # Return, do not continue processing\n    return\n```\n",,info,,CWE-754,"bandit.B101; ""A6:2017 - Security Misconfiguration""; ""A05:2021 - Security Misconfiguration""; ""Bandit Test ID B101""",2026-05-26 10:16:51 UTC,"{""file""=>""src/doctranslator/format/pdf/document_il/backend/pdf_creater.py"", ""start_line""=>1427}",false,"",code-scanning-toolset/translation/98471,"",,98471
Code-Scanning-Toolset,Translation,sast,Semgrep,detected,Improper check for unusual or exceptional conditions,"The application was found using `assert` in non-test code. Usually reserved for debug and test\ncode, the `assert`\nfunction is commonly used to test conditions before continuing execution. However, enclosed\ncode will be removed\nwhen compiling Python code to optimized byte code. Depending on the assertion and subsequent\nlogic, this could\nlead to undefined behavior of the application or application crashes.\n\nTo remediate this issue, remove the `assert` calls. If necessary, replace them with either `if`\nconditions or\n`try/except` blocks.\n\nExample using `try/except` instead of `assert`:\n```\n# Below try/except is equal to the assert statement of:\n# assert user.is_authenticated(), ""user must be authenticated""\ntry:\n    if not user.is_authenticated():\n        raise AuthError(""user must be authenticated"")\nexcept AuthError as e:\n    # Handle error\n    # ...\n    # Return, do not continue processing\n    return\n```\n",,info,,CWE-754,"bandit.B101; ""A6:2017 - Security Misconfiguration""; ""A05:2021 - Security Misconfiguration""; ""Bandit Test ID B101""",2026-05-26 10:16:51 UTC,"{""file""=>""src/doctranslator/pdfminer/layout.py"", ""start_line""=>783}",false,"",code-scanning-toolset/translation/98472,"",,98472
Code-Scanning-Toolset,Translation,sast,Semgrep,detected,Improper check for unusual or exceptional conditions,"The application was found using `assert` in non-test code. Usually reserved for debug and test\ncode, the `assert`\nfunction is commonly used to test conditions before continuing execution. However, enclosed\ncode will be removed\nwhen compiling Python code to optimized byte code. Depending on the assertion and subsequent\nlogic, this could\nlead to undefined behavior of the application or application crashes.\n\nTo remediate this issue, remove the `assert` calls. If necessary, replace them with either `if`\nconditions or\n`try/except` blocks.\n\nExample using `try/except` instead of `assert`:\n```\n# Below try/except is equal to the assert statement of:\n# assert user.is_authenticated(), ""user must be authenticated""\ntry:\n    if not user.is_authenticated():\n        raise AuthError(""user must be authenticated"")\nexcept AuthError as e:\n    # Handle error\n    # ...\n    # Return, do not continue processing\n    return\n```\n",,info,,CWE-754,"bandit.B101; ""A6:2017 - Security Misconfiguration""; ""A05:2021 - Security Misconfiguration""; ""Bandit Test ID B101""",2026-05-26 10:16:51 UTC,"{""file""=>""src/doctranslator/pdfminer/pdfdocument.py"", ""start_line""=>210}",false,"",code-scanning-toolset/translation/98473,"",,98473
Code-Scanning-Toolset,Translation,sast,Semgrep,detected,Improper check for unusual or exceptional conditions,"The application was found using `assert` in non-test code. Usually reserved for debug and test\ncode, the `assert`\nfunction is commonly used to test conditions before continuing execution. However, enclosed\ncode will be removed\nwhen compiling Python code to optimized byte code. Depending on the assertion and subsequent\nlogic, this could\nlead to undefined behavior of the application or application crashes.\n\nTo remediate this issue, remove the `assert` calls. If necessary, replace them with either `if`\nconditions or\n`try/except` blocks.\n\nExample using `try/except` instead of `assert`:\n```\n# Below try/except is equal to the assert statement of:\n# assert user.is_authenticated(), ""user must be authenticated""\ntry:\n    if not user.is_authenticated():\n        raise AuthError(""user must be authenticated"")\nexcept AuthError as e:\n    # Handle error\n    # ...\n    # Return, do not continue processing\n    return\n```\n",,info,,CWE-754,"bandit.B101; ""A6:2017 - Security Misconfiguration""; ""A05:2021 - Security Misconfiguration""; ""Bandit Test ID B101""",2026-05-26 10:16:51 UTC,"{""file""=>""src/doctranslator/pdfminer/pdfdocument.py"", ""start_line""=>809}",false,"",code-scanning-toolset/translation/98474,"",,98474
Code-Scanning-Toolset,Translation,sast,Semgrep,detected,Improper check for unusual or exceptional conditions,"The application was found using `assert` in non-test code. Usually reserved for debug and test\ncode, the `assert`\nfunction is commonly used to test conditions before continuing execution. However, enclosed\ncode will be removed\nwhen compiling Python code to optimized byte code. Depending on the assertion and subsequent\nlogic, this could\nlead to undefined behavior of the application or application crashes.\n\nTo remediate this issue, remove the `assert` calls. If necessary, replace them with either `if`\nconditions or\n`try/except` blocks.\n\nExample using `try/except` instead of `assert`:\n```\n# Below try/except is equal to the assert statement of:\n# assert user.is_authenticated(), ""user must be authenticated""\ntry:\n    if not user.is_authenticated():\n        raise AuthError(""user must be authenticated"")\nexcept AuthError as e:\n    # Handle error\n    # ...\n    # Return, do not continue processing\n    return\n```\n",,info,,CWE-754,"bandit.B101; ""A6:2017 - Security Misconfiguration""; ""A05:2021 - Security Misconfiguration""; ""Bandit Test ID B101""",2026-05-26 10:16:51 UTC,"{""file""=>""src/doctranslator/pdfminer/pdffont.py"", ""start_line""=>762}",false,"",code-scanning-toolset/translation/98475,"",,98475
Code-Scanning-Toolset,Translation,sast,Semgrep,detected,Improper check for unusual or exceptional conditions,"The application was found using `assert` in non-test code. Usually reserved for debug and test\ncode, the `assert`\nfunction is commonly used to test conditions before continuing execution. However, enclosed\ncode will be removed\nwhen compiling Python code to optimized byte code. Depending on the assertion and subsequent\nlogic, this could\nlead to undefined behavior of the application or application crashes.\n\nTo remediate this issue, remove the `assert` calls. If necessary, replace them with either `if`\nconditions or\n`try/except` blocks.\n\nExample using `try/except` instead of `assert`:\n```\n# Below try/except is equal to the assert statement of:\n# assert user.is_authenticated(), ""user must be authenticated""\ntry:\n    if not user.is_authenticated():\n        raise AuthError(""user must be authenticated"")\nexcept AuthError as e:\n    # Handle error\n    # ...\n    # Return, do not continue processing\n    return\n```\n",,info,,CWE-754,"bandit.B101; ""A6:2017 - Security Misconfiguration""; ""A05:2021 - Security Misconfiguration""; ""Bandit Test ID B101""",2026-05-26 10:16:51 UTC,"{""file""=>""src/doctranslator/format/pdf/document_il/midend/typesetting.py"", ""end_line""=>784, ""start_line""=>782}",false,"",code-scanning-toolset/translation/98476,"",,98476
Code-Scanning-Toolset,Translation,sast,Semgrep,detected,Improper check for unusual or exceptional conditions,"The application was found using `assert` in non-test code. Usually reserved for debug and test\ncode, the `assert`\nfunction is commonly used to test conditions before continuing execution. However, enclosed\ncode will be removed\nwhen compiling Python code to optimized byte code. Depending on the assertion and subsequent\nlogic, this could\nlead to undefined behavior of the application or application crashes.\n\nTo remediate this issue, remove the `assert` calls. If necessary, replace them with either `if`\nconditions or\n`try/except` blocks.\n\nExample using `try/except` instead of `assert`:\n```\n# Below try/except is equal to the assert statement of:\n# assert user.is_authenticated(), ""user must be authenticated""\ntry:\n    if not user.is_authenticated():\n        raise AuthError(""user must be authenticated"")\nexcept AuthError as e:\n    # Handle error\n    # ...\n    # Return, do not continue processing\n    return\n```\n",,info,,CWE-754,"bandit.B101; ""A6:2017 - Security Misconfiguration""; ""A05:2021 - Security Misconfiguration""; ""Bandit Test ID B101""",2026-05-26 10:16:51 UTC,"{""file""=>""src/doctranslator/pdfminer/layout.py"", ""start_line""=>672}",false,"",code-scanning-toolset/translation/98477,"",,98477
Code-Scanning-Toolset,Translation,sast,Semgrep,detected,Improper check for unusual or exceptional conditions,"The application was found using `assert` in non-test code. Usually reserved for debug and test\ncode, the `assert`\nfunction is commonly used to test conditions before continuing execution. However, enclosed\ncode will be removed\nwhen compiling Python code to optimized byte code. Depending on the assertion and subsequent\nlogic, this could\nlead to undefined behavior of the application or application crashes.\n\nTo remediate this issue, remove the `assert` calls. If necessary, replace them with either `if`\nconditions or\n`try/except` blocks.\n\nExample using `try/except` instead of `assert`:\n```\n# Below try/except is equal to the assert statement of:\n# assert user.is_authenticated(), ""user must be authenticated""\ntry:\n    if not user.is_authenticated():\n        raise AuthError(""user must be authenticated"")\nexcept AuthError as e:\n    # Handle error\n    # ...\n    # Return, do not continue processing\n    return\n```\n",,info,,CWE-754,"bandit.B101; ""A6:2017 - Security Misconfiguration""; ""A05:2021 - Security Misconfiguration""; ""Bandit Test ID B101""",2026-05-26 10:16:51 UTC,"{""file""=>""src/doctranslator/format/pdf/document_il/utils/matrix_helper.py"", ""start_line""=>201}",false,"",code-scanning-toolset/translation/98478,"",,98478
Code-Scanning-Toolset,Translation,sast,Semgrep,detected,Improper check for unusual or exceptional conditions,"The application was found using `assert` in non-test code. Usually reserved for debug and test\ncode, the `assert`\nfunction is commonly used to test conditions before continuing execution. However, enclosed\ncode will be removed\nwhen compiling Python code to optimized byte code. Depending on the assertion and subsequent\nlogic, this could\nlead to undefined behavior of the application or application crashes.\n\nTo remediate this issue, remove the `assert` calls. If necessary, replace them with either `if`\nconditions or\n`try/except` blocks.\n\nExample using `try/except` instead of `assert`:\n```\n# Below try/except is equal to the assert statement of:\n# assert user.is_authenticated(), ""user must be authenticated""\ntry:\n    if not user.is_authenticated():\n        raise AuthError(""user must be authenticated"")\nexcept AuthError as e:\n    # Handle error\n    # ...\n    # Return, do not continue processing\n    return\n```\n",,info,,CWE-754,"bandit.B101; ""A6:2017 - Security Misconfiguration""; ""A05:2021 - Security Misconfiguration""; ""Bandit Test ID B101""",2026-05-26 10:16:51 UTC,"{""file""=>""src/doctranslator/format/pdf/document_il/utils/matrix_helper.py"", ""start_line""=>54}",false,"",code-scanning-toolset/translation/98479,"",,98479
Code-Scanning-Toolset,Translation,sast,Semgrep,detected,Improper check for unusual or exceptional conditions,"The application was found using `assert` in non-test code. Usually reserved for debug and test\ncode, the `assert`\nfunction is commonly used to test conditions before continuing execution. However, enclosed\ncode will be removed\nwhen compiling Python code to optimized byte code. Depending on the assertion and subsequent\nlogic, this could\nlead to undefined behavior of the application or application crashes.\n\nTo remediate this issue, remove the `assert` calls. If necessary, replace them with either `if`\nconditions or\n`try/except` blocks.\n\nExample using `try/except` instead of `assert`:\n```\n# Below try/except is equal to the assert statement of:\n# assert user.is_authenticated(), ""user must be authenticated""\ntry:\n    if not user.is_authenticated():\n        raise AuthError(""user must be authenticated"")\nexcept AuthError as e:\n    # Handle error\n    # ...\n    # Return, do not continue processing\n    return\n```\n",,info,,CWE-754,"bandit.B101; ""A6:2017 - Security Misconfiguration""; ""A05:2021 - Security Misconfiguration""; ""Bandit Test ID B101""",2026-05-26 10:16:51 UTC,"{""file""=>""src/doctranslator/pdfminer/pdfdocument.py"", ""start_line""=>346}",false,"",code-scanning-toolset/translation/98480,"",,98480
Code-Scanning-Toolset,Translation,sast,Semgrep,detected,Improper check for unusual or exceptional conditions,"The application was found using `assert` in non-test code. Usually reserved for debug and test\ncode, the `assert`\nfunction is commonly used to test conditions before continuing execution. However, enclosed\ncode will be removed\nwhen compiling Python code to optimized byte code. Depending on the assertion and subsequent\nlogic, this could\nlead to undefined behavior of the application or application crashes.\n\nTo remediate this issue, remove the `assert` calls. If necessary, replace them with either `if`\nconditions or\n`try/except` blocks.\n\nExample using `try/except` instead of `assert`:\n```\n# Below try/except is equal to the assert statement of:\n# assert user.is_authenticated(), ""user must be authenticated""\ntry:\n    if not user.is_authenticated():\n        raise AuthError(""user must be authenticated"")\nexcept AuthError as e:\n    # Handle error\n    # ...\n    # Return, do not continue processing\n    return\n```\n",,info,,CWE-754,"bandit.B101; ""A6:2017 - Security Misconfiguration""; ""A05:2021 - Security Misconfiguration""; ""Bandit Test ID B101""",2026-05-26 10:16:51 UTC,"{""file""=>""src/doctranslator/pdfminer/pdftypes.py"", ""start_line""=>399}",false,"",code-scanning-toolset/translation/98481,"",,98481
Code-Scanning-Toolset,Translation,sast,Semgrep,detected,Improper check for unusual or exceptional conditions,"The application was found using `assert` in non-test code. Usually reserved for debug and test\ncode, the `assert`\nfunction is commonly used to test conditions before continuing execution. However, enclosed\ncode will be removed\nwhen compiling Python code to optimized byte code. Depending on the assertion and subsequent\nlogic, this could\nlead to undefined behavior of the application or application crashes.\n\nTo remediate this issue, remove the `assert` calls. If necessary, replace them with either `if`\nconditions or\n`try/except` blocks.\n\nExample using `try/except` instead of `assert`:\n```\n# Below try/except is equal to the assert statement of:\n# assert user.is_authenticated(), ""user must be authenticated""\ntry:\n    if not user.is_authenticated():\n        raise AuthError(""user must be authenticated"")\nexcept AuthError as e:\n    # Handle error\n    # ...\n    # Return, do not continue processing\n    return\n```\n",,info,,CWE-754,"bandit.B101; ""A6:2017 - Security Misconfiguration""; ""A05:2021 - Security Misconfiguration""; ""Bandit Test ID B101""",2026-05-26 10:16:51 UTC,"{""file""=>""src/doctranslator/pdfminer/cmapdb.py"", ""end_line""=>174, ""start_line""=>172}",false,"",code-scanning-toolset/translation/98482,"",,98482
Code-Scanning-Toolset,Translation,sast,Semgrep,detected,Improper check for unusual or exceptional conditions,"The application was found using `assert` in non-test code. Usually reserved for debug and test\ncode, the `assert`\nfunction is commonly used to test conditions before continuing execution. However, enclosed\ncode will be removed\nwhen compiling Python code to optimized byte code. Depending on the assertion and subsequent\nlogic, this could\nlead to undefined behavior of the application or application crashes.\n\nTo remediate this issue, remove the `assert` calls. If necessary, replace them with either `if`\nconditions or\n`try/except` blocks.\n\nExample using `try/except` instead of `assert`:\n```\n# Below try/except is equal to the assert statement of:\n# assert user.is_authenticated(), ""user must be authenticated""\ntry:\n    if not user.is_authenticated():\n        raise AuthError(""user must be authenticated"")\nexcept AuthError as e:\n    # Handle error\n    # ...\n    # Return, do not continue processing\n    return\n```\n",,info,,CWE-754,"bandit.B101; ""A6:2017 - Security Misconfiguration""; ""A05:2021 - Security Misconfiguration""; ""Bandit Test ID B101""",2026-05-26 10:16:51 UTC,"{""file""=>""src/doctranslator/pdfminer/converter.py"", ""start_line""=>423}",false,"",code-scanning-toolset/translation/98483,"",,98483
Code-Scanning-Toolset,Translation,sast,Semgrep,detected,Improper check for unusual or exceptional conditions,"The application was found using `assert` in non-test code. Usually reserved for debug and test\ncode, the `assert`\nfunction is commonly used to test conditions before continuing execution. However, enclosed\ncode will be removed\nwhen compiling Python code to optimized byte code. Depending on the assertion and subsequent\nlogic, this could\nlead to undefined behavior of the application or application crashes.\n\nTo remediate this issue, remove the `assert` calls. If necessary, replace them with either `if`\nconditions or\n`try/except` blocks.\n\nExample using `try/except` instead of `assert`:\n```\n# Below try/except is equal to the assert statement of:\n# assert user.is_authenticated(), ""user must be authenticated""\ntry:\n    if not user.is_authenticated():\n        raise AuthError(""user must be authenticated"")\nexcept AuthError as e:\n    # Handle error\n    # ...\n    # Return, do not continue processing\n    return\n```\n",,info,,CWE-754,"bandit.B101; ""A6:2017 - Security Misconfiguration""; ""A05:2021 - Security Misconfiguration""; ""Bandit Test ID B101""",2026-05-26 10:16:51 UTC,"{""file""=>""src/doctranslator/pdfminer/psparser.py"", ""start_line""=>445}",false,"",code-scanning-toolset/translation/98484,"",,98484
Code-Scanning-Toolset,Translation,sast,Semgrep,detected,Improper check for unusual or exceptional conditions,"The application was found using `assert` in non-test code. Usually reserved for debug and test\ncode, the `assert`\nfunction is commonly used to test conditions before continuing execution. However, enclosed\ncode will be removed\nwhen compiling Python code to optimized byte code. Depending on the assertion and subsequent\nlogic, this could\nlead to undefined behavior of the application or application crashes.\n\nTo remediate this issue, remove the `assert` calls. If necessary, replace them with either `if`\nconditions or\n`try/except` blocks.\n\nExample using `try/except` instead of `assert`:\n```\n# Below try/except is equal to the assert statement of:\n# assert user.is_authenticated(), ""user must be authenticated""\ntry:\n    if not user.is_authenticated():\n        raise AuthError(""user must be authenticated"")\nexcept AuthError as e:\n    # Handle error\n    # ...\n    # Return, do not continue processing\n    return\n```\n",,info,,CWE-754,"bandit.B101; ""A6:2017 - Security Misconfiguration""; ""A05:2021 - Security Misconfiguration""; ""Bandit Test ID B101""",2026-05-26 10:16:51 UTC,"{""file""=>""src/doctranslator/pdfminer/ccitt.py"", ""start_line""=>77}",false,"",code-scanning-toolset/translation/98485,"",,98485
Code-Scanning-Toolset,Translation,sast,Semgrep,detected,Improper check for unusual or exceptional conditions,"The application was found using `assert` in non-test code. Usually reserved for debug and test\ncode, the `assert`\nfunction is commonly used to test conditions before continuing execution. However, enclosed\ncode will be removed\nwhen compiling Python code to optimized byte code. Depending on the assertion and subsequent\nlogic, this could\nlead to undefined behavior of the application or application crashes.\n\nTo remediate this issue, remove the `assert` calls. If necessary, replace them with either `if`\nconditions or\n`try/except` blocks.\n\nExample using `try/except` instead of `assert`:\n```\n# Below try/except is equal to the assert statement of:\n# assert user.is_authenticated(), ""user must be authenticated""\ntry:\n    if not user.is_authenticated():\n        raise AuthError(""user must be authenticated"")\nexcept AuthError as e:\n    # Handle error\n    # ...\n    # Return, do not continue processing\n    return\n```\n",,info,,CWE-754,"bandit.B101; ""A6:2017 - Security Misconfiguration""; ""A05:2021 - Security Misconfiguration""; ""Bandit Test ID B101""",2026-05-26 10:16:51 UTC,"{""file""=>""src/doctranslator/pdfminer/cmapdb.py"", ""start_line""=>193}",false,"",code-scanning-toolset/translation/98486,"",,98486
Code-Scanning-Toolset,Translation,sast,Semgrep,detected,Improper check for unusual or exceptional conditions,"The application was found using `assert` in non-test code. Usually reserved for debug and test\ncode, the `assert`\nfunction is commonly used to test conditions before continuing execution. However, enclosed\ncode will be removed\nwhen compiling Python code to optimized byte code. Depending on the assertion and subsequent\nlogic, this could\nlead to undefined behavior of the application or application crashes.\n\nTo remediate this issue, remove the `assert` calls. If necessary, replace them with either `if`\nconditions or\n`try/except` blocks.\n\nExample using `try/except` instead of `assert`:\n```\n# Below try/except is equal to the assert statement of:\n# assert user.is_authenticated(), ""user must be authenticated""\ntry:\n    if not user.is_authenticated():\n        raise AuthError(""user must be authenticated"")\nexcept AuthError as e:\n    # Handle error\n    # ...\n    # Return, do not continue processing\n    return\n```\n",,info,,CWE-754,"bandit.B101; ""A6:2017 - Security Misconfiguration""; ""A05:2021 - Security Misconfiguration""; ""Bandit Test ID B101""",2026-05-26 10:16:51 UTC,"{""file""=>""src/doctranslator/format/pdf/document_il/backend/pdf_creater.py"", ""start_line""=>186}",false,"",code-scanning-toolset/translation/98487,"",,98487
Code-Scanning-Toolset,Translation,sast,Semgrep,detected,Improper check for unusual or exceptional conditions,"The application was found using `assert` in non-test code. Usually reserved for debug and test\ncode, the `assert`\nfunction is commonly used to test conditions before continuing execution. However, enclosed\ncode will be removed\nwhen compiling Python code to optimized byte code. Depending on the assertion and subsequent\nlogic, this could\nlead to undefined behavior of the application or application crashes.\n\nTo remediate this issue, remove the `assert` calls. If necessary, replace them with either `if`\nconditions or\n`try/except` blocks.\n\nExample using `try/except` instead of `assert`:\n```\n# Below try/except is equal to the assert statement of:\n# assert user.is_authenticated(), ""user must be authenticated""\ntry:\n    if not user.is_authenticated():\n        raise AuthError(""user must be authenticated"")\nexcept AuthError as e:\n    # Handle error\n    # ...\n    # Return, do not continue processing\n    return\n```\n",,info,,CWE-754,"bandit.B101; ""A6:2017 - Security Misconfiguration""; ""A05:2021 - Security Misconfiguration""; ""Bandit Test ID B101""",2026-05-26 10:16:51 UTC,"{""file""=>""src/doctranslator/docvision/base_doclayout.py"", ""start_line""=>34}",false,"",code-scanning-toolset/translation/98488,"",,98488
Code-Scanning-Toolset,Translation,sast,Semgrep,detected,Improper check for unusual or exceptional conditions,"The application was found using `assert` in non-test code. Usually reserved for debug and test\ncode, the `assert`\nfunction is commonly used to test conditions before continuing execution. However, enclosed\ncode will be removed\nwhen compiling Python code to optimized byte code. Depending on the assertion and subsequent\nlogic, this could\nlead to undefined behavior of the application or application crashes.\n\nTo remediate this issue, remove the `assert` calls. If necessary, replace them with either `if`\nconditions or\n`try/except` blocks.\n\nExample using `try/except` instead of `assert`:\n```\n# Below try/except is equal to the assert statement of:\n# assert user.is_authenticated(), ""user must be authenticated""\ntry:\n    if not user.is_authenticated():\n        raise AuthError(""user must be authenticated"")\nexcept AuthError as e:\n    # Handle error\n    # ...\n    # Return, do not continue processing\n    return\n```\n",,info,,CWE-754,"bandit.B101; ""A6:2017 - Security Misconfiguration""; ""A05:2021 - Security Misconfiguration""; ""Bandit Test ID B101""",2026-05-26 10:16:51 UTC,"{""file""=>""src/doctranslator/format/pdf/high_level.py"", ""start_line""=>768}",false,"",code-scanning-toolset/translation/98489,"",,98489
Code-Scanning-Toolset,Translation,sast,Semgrep,detected,Improper check for unusual or exceptional conditions,"The application was found using `assert` in non-test code. Usually reserved for debug and test\ncode, the `assert`\nfunction is commonly used to test conditions before continuing execution. However, enclosed\ncode will be removed\nwhen compiling Python code to optimized byte code. Depending on the assertion and subsequent\nlogic, this could\nlead to undefined behavior of the application or application crashes.\n\nTo remediate this issue, remove the `assert` calls. If necessary, replace them with either `if`\nconditions or\n`try/except` blocks.\n\nExample using `try/except` instead of `assert`:\n```\n# Below try/except is equal to the assert statement of:\n# assert user.is_authenticated(), ""user must be authenticated""\ntry:\n    if not user.is_authenticated():\n        raise AuthError(""user must be authenticated"")\nexcept AuthError as e:\n    # Handle error\n    # ...\n    # Return, do not continue processing\n    return\n```\n",,info,,CWE-754,"bandit.B101; ""A6:2017 - Security Misconfiguration""; ""A05:2021 - Security Misconfiguration""; ""Bandit Test ID B101""",2026-05-26 10:16:51 UTC,"{""file""=>""src/doctranslator/pdfminer/pdfdocument.py"", ""start_line""=>328}",false,"",code-scanning-toolset/translation/98490,"",,98490
Code-Scanning-Toolset,Translation,sast,Semgrep,detected,Improper check for unusual or exceptional conditions,"The application was found using `assert` in non-test code. Usually reserved for debug and test\ncode, the `assert`\nfunction is commonly used to test conditions before continuing execution. However, enclosed\ncode will be removed\nwhen compiling Python code to optimized byte code. Depending on the assertion and subsequent\nlogic, this could\nlead to undefined behavior of the application or application crashes.\n\nTo remediate this issue, remove the `assert` calls. If necessary, replace them with either `if`\nconditions or\n`try/except` blocks.\n\nExample using `try/except` instead of `assert`:\n```\n# Below try/except is equal to the assert statement of:\n# assert user.is_authenticated(), ""user must be authenticated""\ntry:\n    if not user.is_authenticated():\n        raise AuthError(""user must be authenticated"")\nexcept AuthError as e:\n    # Handle error\n    # ...\n    # Return, do not continue processing\n    return\n```\n",,info,,CWE-754,"bandit.B101; ""A6:2017 - Security Misconfiguration""; ""A05:2021 - Security Misconfiguration""; ""Bandit Test ID B101""",2026-05-26 10:16:51 UTC,"{""file""=>""src/doctranslator/pdfminer/layout.py"", ""start_line""=>176}",false,"",code-scanning-toolset/translation/98491,"",,98491
Code-Scanning-Toolset,Translation,sast,Semgrep,detected,Improper check for unusual or exceptional conditions,"The application was found using `assert` in non-test code. Usually reserved for debug and test\ncode, the `assert`\nfunction is commonly used to test conditions before continuing execution. However, enclosed\ncode will be removed\nwhen compiling Python code to optimized byte code. Depending on the assertion and subsequent\nlogic, this could\nlead to undefined behavior of the application or application crashes.\n\nTo remediate this issue, remove the `assert` calls. If necessary, replace them with either `if`\nconditions or\n`try/except` blocks.\n\nExample using `try/except` instead of `assert`:\n```\n# Below try/except is equal to the assert statement of:\n# assert user.is_authenticated(), ""user must be authenticated""\ntry:\n    if not user.is_authenticated():\n        raise AuthError(""user must be authenticated"")\nexcept AuthError as e:\n    # Handle error\n    # ...\n    # Return, do not continue processing\n    return\n```\n",,info,,CWE-754,"bandit.B101; ""A6:2017 - Security Misconfiguration""; ""A05:2021 - Security Misconfiguration""; ""Bandit Test ID B101""",2026-05-26 10:16:51 UTC,"{""file""=>""src/doctranslator/tools/generate_font_metadata.py"", ""end_line""=>77, ""start_line""=>75}",false,"",code-scanning-toolset/translation/98492,"",,98492
Code-Scanning-Toolset,Translation,sast,Semgrep,detected,Improper check for unusual or exceptional conditions,"The application was found using `assert` in non-test code. Usually reserved for debug and test\ncode, the `assert`\nfunction is commonly used to test conditions before continuing execution. However, enclosed\ncode will be removed\nwhen compiling Python code to optimized byte code. Depending on the assertion and subsequent\nlogic, this could\nlead to undefined behavior of the application or application crashes.\n\nTo remediate this issue, remove the `assert` calls. If necessary, replace them with either `if`\nconditions or\n`try/except` blocks.\n\nExample using `try/except` instead of `assert`:\n```\n# Below try/except is equal to the assert statement of:\n# assert user.is_authenticated(), ""user must be authenticated""\ntry:\n    if not user.is_authenticated():\n        raise AuthError(""user must be authenticated"")\nexcept AuthError as e:\n    # Handle error\n    # ...\n    # Return, do not continue processing\n    return\n```\n",,info,,CWE-754,"bandit.B101; ""A6:2017 - Security Misconfiguration""; ""A05:2021 - Security Misconfiguration""; ""Bandit Test ID B101""",2026-05-26 10:16:51 UTC,"{""file""=>""src/doctranslator/format/pdf/document_il/frontend/il_creater.py"", ""start_line""=>1224}",false,"",code-scanning-toolset/translation/98493,"",,98493
Code-Scanning-Toolset,Translation,sast,Semgrep,detected,Improper check for unusual or exceptional conditions,"The application was found using `assert` in non-test code. Usually reserved for debug and test\ncode, the `assert`\nfunction is commonly used to test conditions before continuing execution. However, enclosed\ncode will be removed\nwhen compiling Python code to optimized byte code. Depending on the assertion and subsequent\nlogic, this could\nlead to undefined behavior of the application or application crashes.\n\nTo remediate this issue, remove the `assert` calls. If necessary, replace them with either `if`\nconditions or\n`try/except` blocks.\n\nExample using `try/except` instead of `assert`:\n```\n# Below try/except is equal to the assert statement of:\n# assert user.is_authenticated(), ""user must be authenticated""\ntry:\n    if not user.is_authenticated():\n        raise AuthError(""user must be authenticated"")\nexcept AuthError as e:\n    # Handle error\n    # ...\n    # Return, do not continue processing\n    return\n```\n",,info,,CWE-754,"bandit.B101; ""A6:2017 - Security Misconfiguration""; ""A05:2021 - Security Misconfiguration""; ""Bandit Test ID B101""",2026-05-26 10:16:51 UTC,"{""file""=>""src/doctranslator/pdfminer/layout.py"", ""start_line""=>201}",false,"",code-scanning-toolset/translation/98494,"",,98494
Code-Scanning-Toolset,Translation,sast,Semgrep,detected,Improper check for unusual or exceptional conditions,"The application was found using `assert` in non-test code. Usually reserved for debug and test\ncode, the `assert`\nfunction is commonly used to test conditions before continuing execution. However, enclosed\ncode will be removed\nwhen compiling Python code to optimized byte code. Depending on the assertion and subsequent\nlogic, this could\nlead to undefined behavior of the application or application crashes.\n\nTo remediate this issue, remove the `assert` calls. If necessary, replace them with either `if`\nconditions or\n`try/except` blocks.\n\nExample using `try/except` instead of `assert`:\n```\n# Below try/except is equal to the assert statement of:\n# assert user.is_authenticated(), ""user must be authenticated""\ntry:\n    if not user.is_authenticated():\n        raise AuthError(""user must be authenticated"")\nexcept AuthError as e:\n    # Handle error\n    # ...\n    # Return, do not continue processing\n    return\n```\n",,info,,CWE-754,"bandit.B101; ""A6:2017 - Security Misconfiguration""; ""A05:2021 - Security Misconfiguration""; ""Bandit Test ID B101""",2026-05-26 10:16:51 UTC,"{""file""=>""src/doctranslator/format/pdf/document_il/utils/matrix_helper.py"", ""start_line""=>52}",false,"",code-scanning-toolset/translation/98495,"",,98495
Code-Scanning-Toolset,Translation,sast,Semgrep,detected,Improper check for unusual or exceptional conditions,"The application was found using `assert` in non-test code. Usually reserved for debug and test\ncode, the `assert`\nfunction is commonly used to test conditions before continuing execution. However, enclosed\ncode will be removed\nwhen compiling Python code to optimized byte code. Depending on the assertion and subsequent\nlogic, this could\nlead to undefined behavior of the application or application crashes.\n\nTo remediate this issue, remove the `assert` calls. If necessary, replace them with either `if`\nconditions or\n`try/except` blocks.\n\nExample using `try/except` instead of `assert`:\n```\n# Below try/except is equal to the assert statement of:\n# assert user.is_authenticated(), ""user must be authenticated""\ntry:\n    if not user.is_authenticated():\n        raise AuthError(""user must be authenticated"")\nexcept AuthError as e:\n    # Handle error\n    # ...\n    # Return, do not continue processing\n    return\n```\n",,info,,CWE-754,"bandit.B101; ""A6:2017 - Security Misconfiguration""; ""A05:2021 - Security Misconfiguration""; ""Bandit Test ID B101""",2026-05-26 10:16:51 UTC,"{""file""=>""src/doctranslator/pdfminer/pdfdevice.py"", ""start_line""=>127}",false,"",code-scanning-toolset/translation/98496,"",,98496
Code-Scanning-Toolset,Translation,sast,Semgrep,detected,Improper authorization in handler for custom URL scheme,"The application was found passing in a non-literal value to the `urllib` methods which issue\nrequests. `urllib` supports the `file://` scheme, which may allow an adversary who can control\nthe URL value to read arbitrary files on the file system.\n\nTo remediate this issue either hardcode the URLs being used in urllib or use the `requests`\nmodule instead.\n\nExample using the `requests` module to issue an HTTPS request:\n```\nimport requests\n# Issue a GET request to https://example.com with a timeout of 10 seconds\nresponse = requests.get('https://example.com', timeout=10)\n# Work with the response object\n# ...\n```\n",,medium,,CWE-939,"""A1:2017 - Injection""; bandit.B310-1; ""A03:2021 - Injection""; ""Bandit Test ID B310""",2026-05-26 10:16:51 UTC,"{""file""=>""src/repository/storage_repository.py"", ""start_line""=>475}",false,"",code-scanning-toolset/translation/98497,"",,98497
Code-Scanning-Toolset,Translation,sast,Semgrep,detected,Improper check for unusual or exceptional conditions,"The application was found using `assert` in non-test code. Usually reserved for debug and test\ncode, the `assert`\nfunction is commonly used to test conditions before continuing execution. However, enclosed\ncode will be removed\nwhen compiling Python code to optimized byte code. Depending on the assertion and subsequent\nlogic, this could\nlead to undefined behavior of the application or application crashes.\n\nTo remediate this issue, remove the `assert` calls. If necessary, replace them with either `if`\nconditions or\n`try/except` blocks.\n\nExample using `try/except` instead of `assert`:\n```\n# Below try/except is equal to the assert statement of:\n# assert user.is_authenticated(), ""user must be authenticated""\ntry:\n    if not user.is_authenticated():\n        raise AuthError(""user must be authenticated"")\nexcept AuthError as e:\n    # Handle error\n    # ...\n    # Return, do not continue processing\n    return\n```\n",,info,,CWE-754,"bandit.B101; ""A6:2017 - Security Misconfiguration""; ""A05:2021 - Security Misconfiguration""; ""Bandit Test ID B101""",2026-05-26 10:16:51 UTC,"{""file""=>""src/doctranslator/format/pdf/document_il/midend/paragraph_finder.py"", ""start_line""=>131}",false,"",code-scanning-toolset/translation/98498,"",,98498
Code-Scanning-Toolset,Translation,sast,Semgrep,detected,Use of a broken or risky cryptographic algorithm,"The application was found using an insecure or risky digest or signature algorithm. MD2, MD4,\n MD5  and SHA1 hash algorithms have been found to be vulnerable to producing collisions.\n\nThis means\nthat two different values, when hashed, can lead to the same hash value. If the application is\ntrying\nto use these hash methods for storing passwords, then it is recommended to switch to a\npassword hashing\nalgorithm such as Argon2id or PBKDF2.\n\nNote that the `Crypto` and `Cryptodome` Python packages are no longer recommended for\nnew applications, instead consider using the [cryptography](https://cryptography.io/) package.\n\nExample of creating a SHA-384 hash using the `cryptography` package:\n```\nfrom cryptography.hazmat.primitives import hashes\n# Create a SHA384 digest\ndigest = hashes.Hash(hashes.SHA384())\n# Update the digest with some initial data\ndigest.update(b""some data to hash"")\n# Add more data to the digest\ndigest.update(b""some more data"")\n# Finalize the digest as bytes\nresult = digest.finalize()\n```\n\nFor more information on secure password storage see OWASP:\n- https://cheatsheetseries.owasp.org/cheatsheets/Password_Storage_Cheat_Sheet.html\n\nFor more information on the cryptography module see:\n- https://cryptography.io/en/latest/\n",,medium,,CWE-327,"""A3:2017 - Sensitive Data Exposure""; ""Bandit Test ID B303""; ""A02:2021 - Cryptographic Failures""; bandit.B303-1",2026-05-26 10:16:51 UTC,"{""file""=>""src/doctranslator/pdfminer/pdfdocument.py"", ""start_line""=>440}",false,"",code-scanning-toolset/translation/98499,"",,98499
Code-Scanning-Toolset,Translation,sast,Semgrep,detected,Improper check for unusual or exceptional conditions,"The application was found using `assert` in non-test code. Usually reserved for debug and test\ncode, the `assert`\nfunction is commonly used to test conditions before continuing execution. However, enclosed\ncode will be removed\nwhen compiling Python code to optimized byte code. Depending on the assertion and subsequent\nlogic, this could\nlead to undefined behavior of the application or application crashes.\n\nTo remediate this issue, remove the `assert` calls. If necessary, replace them with either `if`\nconditions or\n`try/except` blocks.\n\nExample using `try/except` instead of `assert`:\n```\n# Below try/except is equal to the assert statement of:\n# assert user.is_authenticated(), ""user must be authenticated""\ntry:\n    if not user.is_authenticated():\n        raise AuthError(""user must be authenticated"")\nexcept AuthError as e:\n    # Handle error\n    # ...\n    # Return, do not continue processing\n    return\n```\n",,info,,CWE-754,"bandit.B101; ""A6:2017 - Security Misconfiguration""; ""A05:2021 - Security Misconfiguration""; ""Bandit Test ID B101""",2026-05-26 10:16:51 UTC,"{""file""=>""src/doctranslator/format/pdf/document_il/utils/matrix_helper.py"", ""start_line""=>55}",false,"",code-scanning-toolset/translation/98500,"",,98500
Code-Scanning-Toolset,Translation,sast,Semgrep,detected,Improper check for unusual or exceptional conditions,"The application was found using `assert` in non-test code. Usually reserved for debug and test\ncode, the `assert`\nfunction is commonly used to test conditions before continuing execution. However, enclosed\ncode will be removed\nwhen compiling Python code to optimized byte code. Depending on the assertion and subsequent\nlogic, this could\nlead to undefined behavior of the application or application crashes.\n\nTo remediate this issue, remove the `assert` calls. If necessary, replace them with either `if`\nconditions or\n`try/except` blocks.\n\nExample using `try/except` instead of `assert`:\n```\n# Below try/except is equal to the assert statement of:\n# assert user.is_authenticated(), ""user must be authenticated""\ntry:\n    if not user.is_authenticated():\n        raise AuthError(""user must be authenticated"")\nexcept AuthError as e:\n    # Handle error\n    # ...\n    # Return, do not continue processing\n    return\n```\n",,info,,CWE-754,"bandit.B101; ""A6:2017 - Security Misconfiguration""; ""A05:2021 - Security Misconfiguration""; ""Bandit Test ID B101""",2026-05-26 10:16:51 UTC,"{""file""=>""src/doctranslator/format/pdf/document_il/utils/matrix_helper.py"", ""start_line""=>268}",false,"",code-scanning-toolset/translation/98501,"",,98501
Code-Scanning-Toolset,Translation,sast,Semgrep,detected,Improper check for unusual or exceptional conditions,"The application was found using `assert` in non-test code. Usually reserved for debug and test\ncode, the `assert`\nfunction is commonly used to test conditions before continuing execution. However, enclosed\ncode will be removed\nwhen compiling Python code to optimized byte code. Depending on the assertion and subsequent\nlogic, this could\nlead to undefined behavior of the application or application crashes.\n\nTo remediate this issue, remove the `assert` calls. If necessary, replace them with either `if`\nconditions or\n`try/except` blocks.\n\nExample using `try/except` instead of `assert`:\n```\n# Below try/except is equal to the assert statement of:\n# assert user.is_authenticated(), ""user must be authenticated""\ntry:\n    if not user.is_authenticated():\n        raise AuthError(""user must be authenticated"")\nexcept AuthError as e:\n    # Handle error\n    # ...\n    # Return, do not continue processing\n    return\n```\n",,info,,CWE-754,"bandit.B101; ""A6:2017 - Security Misconfiguration""; ""A05:2021 - Security Misconfiguration""; ""Bandit Test ID B101""",2026-05-26 10:16:51 UTC,"{""file""=>""src/doctranslator/format/pdf/document_il/frontend/il_creater.py"", ""start_line""=>584}",false,"",code-scanning-toolset/translation/98502,"",,98502
Code-Scanning-Toolset,Translation,sast,Semgrep,detected,Improper check for unusual or exceptional conditions,"The application was found using `assert` in non-test code. Usually reserved for debug and test\ncode, the `assert`\nfunction is commonly used to test conditions before continuing execution. However, enclosed\ncode will be removed\nwhen compiling Python code to optimized byte code. Depending on the assertion and subsequent\nlogic, this could\nlead to undefined behavior of the application or application crashes.\n\nTo remediate this issue, remove the `assert` calls. If necessary, replace them with either `if`\nconditions or\n`try/except` blocks.\n\nExample using `try/except` instead of `assert`:\n```\n# Below try/except is equal to the assert statement of:\n# assert user.is_authenticated(), ""user must be authenticated""\ntry:\n    if not user.is_authenticated():\n        raise AuthError(""user must be authenticated"")\nexcept AuthError as e:\n    # Handle error\n    # ...\n    # Return, do not continue processing\n    return\n```\n",,info,,CWE-754,"bandit.B101; ""A6:2017 - Security Misconfiguration""; ""A05:2021 - Security Misconfiguration""; ""Bandit Test ID B101""",2026-05-26 10:16:51 UTC,"{""file""=>""src/doctranslator/pdfminer/pdfparser.py"", ""start_line""=>137}",false,"",code-scanning-toolset/translation/98503,"",,98503
Code-Scanning-Toolset,Translation,sast,Semgrep,detected,Improper check for unusual or exceptional conditions,"The application was found using `assert` in non-test code. Usually reserved for debug and test\ncode, the `assert`\nfunction is commonly used to test conditions before continuing execution. However, enclosed\ncode will be removed\nwhen compiling Python code to optimized byte code. Depending on the assertion and subsequent\nlogic, this could\nlead to undefined behavior of the application or application crashes.\n\nTo remediate this issue, remove the `assert` calls. If necessary, replace them with either `if`\nconditions or\n`try/except` blocks.\n\nExample using `try/except` instead of `assert`:\n```\n# Below try/except is equal to the assert statement of:\n# assert user.is_authenticated(), ""user must be authenticated""\ntry:\n    if not user.is_authenticated():\n        raise AuthError(""user must be authenticated"")\nexcept AuthError as e:\n    # Handle error\n    # ...\n    # Return, do not continue processing\n    return\n```\n",,info,,CWE-754,"bandit.B101; ""A6:2017 - Security Misconfiguration""; ""A05:2021 - Security Misconfiguration""; ""Bandit Test ID B101""",2026-05-26 10:16:51 UTC,"{""file""=>""src/doctranslator/pdfminer/converter.py"", ""start_line""=>1004}",false,"",code-scanning-toolset/translation/98504,"",,98504
Code-Scanning-Toolset,Translation,sast,Semgrep,detected,Improper check for unusual or exceptional conditions,"The application was found using `assert` in non-test code. Usually reserved for debug and test\ncode, the `assert`\nfunction is commonly used to test conditions before continuing execution. However, enclosed\ncode will be removed\nwhen compiling Python code to optimized byte code. Depending on the assertion and subsequent\nlogic, this could\nlead to undefined behavior of the application or application crashes.\n\nTo remediate this issue, remove the `assert` calls. If necessary, replace them with either `if`\nconditions or\n`try/except` blocks.\n\nExample using `try/except` instead of `assert`:\n```\n# Below try/except is equal to the assert statement of:\n# assert user.is_authenticated(), ""user must be authenticated""\ntry:\n    if not user.is_authenticated():\n        raise AuthError(""user must be authenticated"")\nexcept AuthError as e:\n    # Handle error\n    # ...\n    # Return, do not continue processing\n    return\n```\n",,info,,CWE-754,"bandit.B101; ""A6:2017 - Security Misconfiguration""; ""A05:2021 - Security Misconfiguration""; ""Bandit Test ID B101""",2026-05-26 10:16:53 UTC,"{""file""=>""src/doctranslator/docvision/base_doclayout.py"", ""start_line""=>19}",false,"",code-scanning-toolset/translation/98505,"",,98505
Code-Scanning-Toolset,Translation,sast,Semgrep,detected,Improper check for unusual or exceptional conditions,"The application was found using `assert` in non-test code. Usually reserved for debug and test\ncode, the `assert`\nfunction is commonly used to test conditions before continuing execution. However, enclosed\ncode will be removed\nwhen compiling Python code to optimized byte code. Depending on the assertion and subsequent\nlogic, this could\nlead to undefined behavior of the application or application crashes.\n\nTo remediate this issue, remove the `assert` calls. If necessary, replace them with either `if`\nconditions or\n`try/except` blocks.\n\nExample using `try/except` instead of `assert`:\n```\n# Below try/except is equal to the assert statement of:\n# assert user.is_authenticated(), ""user must be authenticated""\ntry:\n    if not user.is_authenticated():\n        raise AuthError(""user must be authenticated"")\nexcept AuthError as e:\n    # Handle error\n    # ...\n    # Return, do not continue processing\n    return\n```\n",,info,,CWE-754,"bandit.B101; ""A6:2017 - Security Misconfiguration""; ""A05:2021 - Security Misconfiguration""; ""Bandit Test ID B101""",2026-05-26 10:16:53 UTC,"{""file""=>""src/doctranslator/pdfminer/pdfinterp.py"", ""start_line""=>1270}",false,"",code-scanning-toolset/translation/98506,"",,98506
Code-Scanning-Toolset,Translation,sast,Semgrep,detected,Improper check for unusual or exceptional conditions,"The application was found using `assert` in non-test code. Usually reserved for debug and test\ncode, the `assert`\nfunction is commonly used to test conditions before continuing execution. However, enclosed\ncode will be removed\nwhen compiling Python code to optimized byte code. Depending on the assertion and subsequent\nlogic, this could\nlead to undefined behavior of the application or application crashes.\n\nTo remediate this issue, remove the `assert` calls. If necessary, replace them with either `if`\nconditions or\n`try/except` blocks.\n\nExample using `try/except` instead of `assert`:\n```\n# Below try/except is equal to the assert statement of:\n# assert user.is_authenticated(), ""user must be authenticated""\ntry:\n    if not user.is_authenticated():\n        raise AuthError(""user must be authenticated"")\nexcept AuthError as e:\n    # Handle error\n    # ...\n    # Return, do not continue processing\n    return\n```\n",,info,,CWE-754,"bandit.B101; ""A6:2017 - Security Misconfiguration""; ""A05:2021 - Security Misconfiguration""; ""Bandit Test ID B101""",2026-05-26 10:16:53 UTC,"{""file""=>""src/doctranslator/format/pdf/document_il/utils/matrix_helper.py"", ""start_line""=>261}",false,"",code-scanning-toolset/translation/98507,"",,98507
Code-Scanning-Toolset,Translation,sast,Semgrep,detected,Improper check for unusual or exceptional conditions,"The application was found using `assert` in non-test code. Usually reserved for debug and test\ncode, the `assert`\nfunction is commonly used to test conditions before continuing execution. However, enclosed\ncode will be removed\nwhen compiling Python code to optimized byte code. Depending on the assertion and subsequent\nlogic, this could\nlead to undefined behavior of the application or application crashes.\n\nTo remediate this issue, remove the `assert` calls. If necessary, replace them with either `if`\nconditions or\n`try/except` blocks.\n\nExample using `try/except` instead of `assert`:\n```\n# Below try/except is equal to the assert statement of:\n# assert user.is_authenticated(), ""user must be authenticated""\ntry:\n    if not user.is_authenticated():\n        raise AuthError(""user must be authenticated"")\nexcept AuthError as e:\n    # Handle error\n    # ...\n    # Return, do not continue processing\n    return\n```\n",,info,,CWE-754,"bandit.B101; ""A6:2017 - Security Misconfiguration""; ""A05:2021 - Security Misconfiguration""; ""Bandit Test ID B101""",2026-05-26 10:16:53 UTC,"{""file""=>""src/doctranslator/pdfminer/pdftypes.py"", ""start_line""=>383}",false,"",code-scanning-toolset/translation/98508,"",,98508
Code-Scanning-Toolset,Translation,sast,Semgrep,detected,Improper check for unusual or exceptional conditions,"The application was found using `assert` in non-test code. Usually reserved for debug and test\ncode, the `assert`\nfunction is commonly used to test conditions before continuing execution. However, enclosed\ncode will be removed\nwhen compiling Python code to optimized byte code. Depending on the assertion and subsequent\nlogic, this could\nlead to undefined behavior of the application or application crashes.\n\nTo remediate this issue, remove the `assert` calls. If necessary, replace them with either `if`\nconditions or\n`try/except` blocks.\n\nExample using `try/except` instead of `assert`:\n```\n# Below try/except is equal to the assert statement of:\n# assert user.is_authenticated(), ""user must be authenticated""\ntry:\n    if not user.is_authenticated():\n        raise AuthError(""user must be authenticated"")\nexcept AuthError as e:\n    # Handle error\n    # ...\n    # Return, do not continue processing\n    return\n```\n",,info,,CWE-754,"bandit.B101; ""A6:2017 - Security Misconfiguration""; ""A05:2021 - Security Misconfiguration""; ""Bandit Test ID B101""",2026-05-26 10:16:53 UTC,"{""file""=>""src/doctranslator/format/pdf/document_il/midend/typesetting.py"", ""start_line""=>137}",false,"",code-scanning-toolset/translation/98509,"",,98509
Code-Scanning-Toolset,Translation,sast,Semgrep,detected,Improper check for unusual or exceptional conditions,"The application was found using `assert` in non-test code. Usually reserved for debug and test\ncode, the `assert`\nfunction is commonly used to test conditions before continuing execution. However, enclosed\ncode will be removed\nwhen compiling Python code to optimized byte code. Depending on the assertion and subsequent\nlogic, this could\nlead to undefined behavior of the application or application crashes.\n\nTo remediate this issue, remove the `assert` calls. If necessary, replace them with either `if`\nconditions or\n`try/except` blocks.\n\nExample using `try/except` instead of `assert`:\n```\n# Below try/except is equal to the assert statement of:\n# assert user.is_authenticated(), ""user must be authenticated""\ntry:\n    if not user.is_authenticated():\n        raise AuthError(""user must be authenticated"")\nexcept AuthError as e:\n    # Handle error\n    # ...\n    # Return, do not continue processing\n    return\n```\n",,info,,CWE-754,"bandit.B101; ""A6:2017 - Security Misconfiguration""; ""A05:2021 - Security Misconfiguration""; ""Bandit Test ID B101""",2026-05-26 10:16:53 UTC,"{""file""=>""src/doctranslator/format/pdf/document_il/frontend/il_creater.py"", ""start_line""=>583}",false,"",code-scanning-toolset/translation/98510,"",,98510
Code-Scanning-Toolset,Translation,sast,Semgrep,detected,Improper check for unusual or exceptional conditions,"The application was found using `assert` in non-test code. Usually reserved for debug and test\ncode, the `assert`\nfunction is commonly used to test conditions before continuing execution. However, enclosed\ncode will be removed\nwhen compiling Python code to optimized byte code. Depending on the assertion and subsequent\nlogic, this could\nlead to undefined behavior of the application or application crashes.\n\nTo remediate this issue, remove the `assert` calls. If necessary, replace them with either `if`\nconditions or\n`try/except` blocks.\n\nExample using `try/except` instead of `assert`:\n```\n# Below try/except is equal to the assert statement of:\n# assert user.is_authenticated(), ""user must be authenticated""\ntry:\n    if not user.is_authenticated():\n        raise AuthError(""user must be authenticated"")\nexcept AuthError as e:\n    # Handle error\n    # ...\n    # Return, do not continue processing\n    return\n```\n",,info,,CWE-754,"bandit.B101; ""A6:2017 - Security Misconfiguration""; ""A05:2021 - Security Misconfiguration""; ""Bandit Test ID B101""",2026-05-26 10:16:53 UTC,"{""file""=>""src/doctranslator/tools/generate_cmap_metadata.py"", ""end_line""=>50, ""start_line""=>48}",false,"",code-scanning-toolset/translation/98511,"",,98511
Code-Scanning-Toolset,Translation,sast,Semgrep,detected,Improper check for unusual or exceptional conditions,"The application was found using `assert` in non-test code. Usually reserved for debug and test\ncode, the `assert`\nfunction is commonly used to test conditions before continuing execution. However, enclosed\ncode will be removed\nwhen compiling Python code to optimized byte code. Depending on the assertion and subsequent\nlogic, this could\nlead to undefined behavior of the application or application crashes.\n\nTo remediate this issue, remove the `assert` calls. If necessary, replace them with either `if`\nconditions or\n`try/except` blocks.\n\nExample using `try/except` instead of `assert`:\n```\n# Below try/except is equal to the assert statement of:\n# assert user.is_authenticated(), ""user must be authenticated""\ntry:\n    if not user.is_authenticated():\n        raise AuthError(""user must be authenticated"")\nexcept AuthError as e:\n    # Handle error\n    # ...\n    # Return, do not continue processing\n    return\n```\n",,info,,CWE-754,"bandit.B101; ""A6:2017 - Security Misconfiguration""; ""A05:2021 - Security Misconfiguration""; ""Bandit Test ID B101""",2026-05-26 10:16:53 UTC,"{""file""=>""src/doctranslator/pdfminer/utils.py"", ""start_line""=>64}",false,"",code-scanning-toolset/translation/98512,"",,98512
Code-Scanning-Toolset,Translation,sast,Semgrep,detected,Improper check for unusual or exceptional conditions,"The application was found using `assert` in non-test code. Usually reserved for debug and test\ncode, the `assert`\nfunction is commonly used to test conditions before continuing execution. However, enclosed\ncode will be removed\nwhen compiling Python code to optimized byte code. Depending on the assertion and subsequent\nlogic, this could\nlead to undefined behavior of the application or application crashes.\n\nTo remediate this issue, remove the `assert` calls. If necessary, replace them with either `if`\nconditions or\n`try/except` blocks.\n\nExample using `try/except` instead of `assert`:\n```\n# Below try/except is equal to the assert statement of:\n# assert user.is_authenticated(), ""user must be authenticated""\ntry:\n    if not user.is_authenticated():\n        raise AuthError(""user must be authenticated"")\nexcept AuthError as e:\n    # Handle error\n    # ...\n    # Return, do not continue processing\n    return\n```\n",,info,,CWE-754,"bandit.B101; ""A6:2017 - Security Misconfiguration""; ""A05:2021 - Security Misconfiguration""; ""Bandit Test ID B101""",2026-05-26 10:16:53 UTC,"{""file""=>""src/doctranslator/pdfminer/utils.py"", ""start_line""=>783}",false,"",code-scanning-toolset/translation/98513,"",,98513
Code-Scanning-Toolset,Translation,sast,Semgrep,detected,Improper check for unusual or exceptional conditions,"The application was found using `assert` in non-test code. Usually reserved for debug and test\ncode, the `assert`\nfunction is commonly used to test conditions before continuing execution. However, enclosed\ncode will be removed\nwhen compiling Python code to optimized byte code. Depending on the assertion and subsequent\nlogic, this could\nlead to undefined behavior of the application or application crashes.\n\nTo remediate this issue, remove the `assert` calls. If necessary, replace them with either `if`\nconditions or\n`try/except` blocks.\n\nExample using `try/except` instead of `assert`:\n```\n# Below try/except is equal to the assert statement of:\n# assert user.is_authenticated(), ""user must be authenticated""\ntry:\n    if not user.is_authenticated():\n        raise AuthError(""user must be authenticated"")\nexcept AuthError as e:\n    # Handle error\n    # ...\n    # Return, do not continue processing\n    return\n```\n",,info,,CWE-754,"bandit.B101; ""A6:2017 - Security Misconfiguration""; ""A05:2021 - Security Misconfiguration""; ""Bandit Test ID B101""",2026-05-26 10:16:53 UTC,"{""file""=>""src/doctranslator/pdfminer/pdfdocument.py"", ""start_line""=>310}",false,"",code-scanning-toolset/translation/98514,"",,98514
Code-Scanning-Toolset,Translation,sast,Semgrep,detected,Improper check for unusual or exceptional conditions,"The application was found using `assert` in non-test code. Usually reserved for debug and test\ncode, the `assert`\nfunction is commonly used to test conditions before continuing execution. However, enclosed\ncode will be removed\nwhen compiling Python code to optimized byte code. Depending on the assertion and subsequent\nlogic, this could\nlead to undefined behavior of the application or application crashes.\n\nTo remediate this issue, remove the `assert` calls. If necessary, replace them with either `if`\nconditions or\n`try/except` blocks.\n\nExample using `try/except` instead of `assert`:\n```\n# Below try/except is equal to the assert statement of:\n# assert user.is_authenticated(), ""user must be authenticated""\ntry:\n    if not user.is_authenticated():\n        raise AuthError(""user must be authenticated"")\nexcept AuthError as e:\n    # Handle error\n    # ...\n    # Return, do not continue processing\n    return\n```\n",,info,,CWE-754,"bandit.B101; ""A6:2017 - Security Misconfiguration""; ""A05:2021 - Security Misconfiguration""; ""Bandit Test ID B101""",2026-05-26 10:16:53 UTC,"{""file""=>""src/doctranslator/pdfminer/cmapdb.py"", ""start_line""=>190}",false,"",code-scanning-toolset/translation/98515,"",,98515
Code-Scanning-Toolset,Translation,sast,Semgrep,detected,Improper check for unusual or exceptional conditions,"The application was found using `assert` in non-test code. Usually reserved for debug and test\ncode, the `assert`\nfunction is commonly used to test conditions before continuing execution. However, enclosed\ncode will be removed\nwhen compiling Python code to optimized byte code. Depending on the assertion and subsequent\nlogic, this could\nlead to undefined behavior of the application or application crashes.\n\nTo remediate this issue, remove the `assert` calls. If necessary, replace them with either `if`\nconditions or\n`try/except` blocks.\n\nExample using `try/except` instead of `assert`:\n```\n# Below try/except is equal to the assert statement of:\n# assert user.is_authenticated(), ""user must be authenticated""\ntry:\n    if not user.is_authenticated():\n        raise AuthError(""user must be authenticated"")\nexcept AuthError as e:\n    # Handle error\n    # ...\n    # Return, do not continue processing\n    return\n```\n",,info,,CWE-754,"bandit.B101; ""A6:2017 - Security Misconfiguration""; ""A05:2021 - Security Misconfiguration""; ""Bandit Test ID B101""",2026-05-26 10:16:53 UTC,"{""file""=>""src/doctranslator/format/pdf/document_il/midend/typesetting.py"", ""end_line""=>787, ""start_line""=>785}",false,"",code-scanning-toolset/translation/98516,"",,98516
Code-Scanning-Toolset,Translation,sast,Semgrep,detected,Improper check for unusual or exceptional conditions,"The application was found using `assert` in non-test code. Usually reserved for debug and test\ncode, the `assert`\nfunction is commonly used to test conditions before continuing execution. However, enclosed\ncode will be removed\nwhen compiling Python code to optimized byte code. Depending on the assertion and subsequent\nlogic, this could\nlead to undefined behavior of the application or application crashes.\n\nTo remediate this issue, remove the `assert` calls. If necessary, replace them with either `if`\nconditions or\n`try/except` blocks.\n\nExample using `try/except` instead of `assert`:\n```\n# Below try/except is equal to the assert statement of:\n# assert user.is_authenticated(), ""user must be authenticated""\ntry:\n    if not user.is_authenticated():\n        raise AuthError(""user must be authenticated"")\nexcept AuthError as e:\n    # Handle error\n    # ...\n    # Return, do not continue processing\n    return\n```\n",,info,,CWE-754,"bandit.B101; ""A6:2017 - Security Misconfiguration""; ""A05:2021 - Security Misconfiguration""; ""Bandit Test ID B101""",2026-05-26 10:16:53 UTC,"{""file""=>""src/doctranslator/pdfminer/converter.py"", ""start_line""=>91}",false,"",code-scanning-toolset/translation/98517,"",,98517
Code-Scanning-Toolset,Translation,sast,Semgrep,detected,Improper check for unusual or exceptional conditions,"The application was found using `assert` in non-test code. Usually reserved for debug and test\ncode, the `assert`\nfunction is commonly used to test conditions before continuing execution. However, enclosed\ncode will be removed\nwhen compiling Python code to optimized byte code. Depending on the assertion and subsequent\nlogic, this could\nlead to undefined behavior of the application or application crashes.\n\nTo remediate this issue, remove the `assert` calls. If necessary, replace them with either `if`\nconditions or\n`try/except` blocks.\n\nExample using `try/except` instead of `assert`:\n```\n# Below try/except is equal to the assert statement of:\n# assert user.is_authenticated(), ""user must be authenticated""\ntry:\n    if not user.is_authenticated():\n        raise AuthError(""user must be authenticated"")\nexcept AuthError as e:\n    # Handle error\n    # ...\n    # Return, do not continue processing\n    return\n```\n",,info,,CWE-754,"bandit.B101; ""A6:2017 - Security Misconfiguration""; ""A05:2021 - Security Misconfiguration""; ""Bandit Test ID B101""",2026-05-26 10:16:53 UTC,"{""file""=>""src/doctranslator/pdfminer/converter.py"", ""start_line""=>381}",false,"",code-scanning-toolset/translation/98518,"",,98518
Code-Scanning-Toolset,Translation,sast,Semgrep,detected,Improper check for unusual or exceptional conditions,"The application was found using `assert` in non-test code. Usually reserved for debug and test\ncode, the `assert`\nfunction is commonly used to test conditions before continuing execution. However, enclosed\ncode will be removed\nwhen compiling Python code to optimized byte code. Depending on the assertion and subsequent\nlogic, this could\nlead to undefined behavior of the application or application crashes.\n\nTo remediate this issue, remove the `assert` calls. If necessary, replace them with either `if`\nconditions or\n`try/except` blocks.\n\nExample using `try/except` instead of `assert`:\n```\n# Below try/except is equal to the assert statement of:\n# assert user.is_authenticated(), ""user must be authenticated""\ntry:\n    if not user.is_authenticated():\n        raise AuthError(""user must be authenticated"")\nexcept AuthError as e:\n    # Handle error\n    # ...\n    # Return, do not continue processing\n    return\n```\n",,info,,CWE-754,"bandit.B101; ""A6:2017 - Security Misconfiguration""; ""A05:2021 - Security Misconfiguration""; ""Bandit Test ID B101""",2026-05-26 10:16:53 UTC,"{""file""=>""src/doctranslator/format/pdf/high_level.py"", ""start_line""=>311}",false,"",code-scanning-toolset/translation/98519,"",,98519
Code-Scanning-Toolset,Translation,sast,Semgrep,detected,Use of a broken or risky cryptographic algorithm,"The application was found using an insecure or risky digest or signature algorithm. MD2, MD4,\n MD5  and SHA1 hash algorithms have been found to be vulnerable to producing collisions.\n\nThis means\nthat two different values, when hashed, can lead to the same hash value. If the application is\ntrying\nto use these hash methods for storing passwords, then it is recommended to switch to a\npassword hashing\nalgorithm such as Argon2id or PBKDF2.\n\nNote that the `Crypto` and `Cryptodome` Python packages are no longer recommended for\nnew applications, instead consider using the [cryptography](https://cryptography.io/) package.\n\nExample of creating a SHA-384 hash using the `cryptography` package:\n```\nfrom cryptography.hazmat.primitives import hashes\n# Create a SHA384 digest\ndigest = hashes.Hash(hashes.SHA384())\n# Update the digest with some initial data\ndigest.update(b""some data to hash"")\n# Add more data to the digest\ndigest.update(b""some more data"")\n# Finalize the digest as bytes\nresult = digest.finalize()\n```\n\nFor more information on secure password storage see OWASP:\n- https://cheatsheetseries.owasp.org/cheatsheets/Password_Storage_Cheat_Sheet.html\n\nFor more information on the cryptography module see:\n- https://cryptography.io/en/latest/\n",,medium,,CWE-327,"""A3:2017 - Sensitive Data Exposure""; ""Bandit Test ID B303""; ""A02:2021 - Cryptographic Failures""; bandit.B303-1",2026-05-26 10:16:53 UTC,"{""file""=>""src/doctranslator/pdfminer/pdfdocument.py"", ""start_line""=>467}",false,"",code-scanning-toolset/translation/98520,"",,98520
Code-Scanning-Toolset,Translation,sast,Semgrep,detected,Improper check for unusual or exceptional conditions,"The application was found using `assert` in non-test code. Usually reserved for debug and test\ncode, the `assert`\nfunction is commonly used to test conditions before continuing execution. However, enclosed\ncode will be removed\nwhen compiling Python code to optimized byte code. Depending on the assertion and subsequent\nlogic, this could\nlead to undefined behavior of the application or application crashes.\n\nTo remediate this issue, remove the `assert` calls. If necessary, replace them with either `if`\nconditions or\n`try/except` blocks.\n\nExample using `try/except` instead of `assert`:\n```\n# Below try/except is equal to the assert statement of:\n# assert user.is_authenticated(), ""user must be authenticated""\ntry:\n    if not user.is_authenticated():\n        raise AuthError(""user must be authenticated"")\nexcept AuthError as e:\n    # Handle error\n    # ...\n    # Return, do not continue processing\n    return\n```\n",,info,,CWE-754,"bandit.B101; ""A6:2017 - Security Misconfiguration""; ""A05:2021 - Security Misconfiguration""; ""Bandit Test ID B101""",2026-05-26 10:16:53 UTC,"{""file""=>""src/doctranslator/format/pdf/document_il/utils/fontmap.py"", ""end_line""=>46, ""start_line""=>41}",false,"",code-scanning-toolset/translation/98521,"",,98521
Code-Scanning-Toolset,Translation,sast,Semgrep,detected,Improper check for unusual or exceptional conditions,"The application was found using `assert` in non-test code. Usually reserved for debug and test\ncode, the `assert`\nfunction is commonly used to test conditions before continuing execution. However, enclosed\ncode will be removed\nwhen compiling Python code to optimized byte code. Depending on the assertion and subsequent\nlogic, this could\nlead to undefined behavior of the application or application crashes.\n\nTo remediate this issue, remove the `assert` calls. If necessary, replace them with either `if`\nconditions or\n`try/except` blocks.\n\nExample using `try/except` instead of `assert`:\n```\n# Below try/except is equal to the assert statement of:\n# assert user.is_authenticated(), ""user must be authenticated""\ntry:\n    if not user.is_authenticated():\n        raise AuthError(""user must be authenticated"")\nexcept AuthError as e:\n    # Handle error\n    # ...\n    # Return, do not continue processing\n    return\n```\n",,info,,CWE-754,"bandit.B101; ""A6:2017 - Security Misconfiguration""; ""A05:2021 - Security Misconfiguration""; ""Bandit Test ID B101""",2026-05-26 10:16:53 UTC,"{""file""=>""src/doctranslator/pdfminer/pdfdevice.py"", ""start_line""=>351}",false,"",code-scanning-toolset/translation/98522,"",,98522
Code-Scanning-Toolset,Translation,sast,Semgrep,detected,Improper check for unusual or exceptional conditions,"The application was found using `assert` in non-test code. Usually reserved for debug and test\ncode, the `assert`\nfunction is commonly used to test conditions before continuing execution. However, enclosed\ncode will be removed\nwhen compiling Python code to optimized byte code. Depending on the assertion and subsequent\nlogic, this could\nlead to undefined behavior of the application or application crashes.\n\nTo remediate this issue, remove the `assert` calls. If necessary, replace them with either `if`\nconditions or\n`try/except` blocks.\n\nExample using `try/except` instead of `assert`:\n```\n# Below try/except is equal to the assert statement of:\n# assert user.is_authenticated(), ""user must be authenticated""\ntry:\n    if not user.is_authenticated():\n        raise AuthError(""user must be authenticated"")\nexcept AuthError as e:\n    # Handle error\n    # ...\n    # Return, do not continue processing\n    return\n```\n",,info,,CWE-754,"bandit.B101; ""A6:2017 - Security Misconfiguration""; ""A05:2021 - Security Misconfiguration""; ""Bandit Test ID B101""",2026-05-26 10:16:53 UTC,"{""file""=>""src/doctranslator/format/pdf/document_il/midend/paragraph_finder.py"", ""start_line""=>924}",false,"",code-scanning-toolset/translation/98523,"",,98523
Code-Scanning-Toolset,Translation,sast,Semgrep,detected,Improper check for unusual or exceptional conditions,"The application was found using `assert` in non-test code. Usually reserved for debug and test\ncode, the `assert`\nfunction is commonly used to test conditions before continuing execution. However, enclosed\ncode will be removed\nwhen compiling Python code to optimized byte code. Depending on the assertion and subsequent\nlogic, this could\nlead to undefined behavior of the application or application crashes.\n\nTo remediate this issue, remove the `assert` calls. If necessary, replace them with either `if`\nconditions or\n`try/except` blocks.\n\nExample using `try/except` instead of `assert`:\n```\n# Below try/except is equal to the assert statement of:\n# assert user.is_authenticated(), ""user must be authenticated""\ntry:\n    if not user.is_authenticated():\n        raise AuthError(""user must be authenticated"")\nexcept AuthError as e:\n    # Handle error\n    # ...\n    # Return, do not continue processing\n    return\n```\n",,info,,CWE-754,"bandit.B101; ""A6:2017 - Security Misconfiguration""; ""A05:2021 - Security Misconfiguration""; ""Bandit Test ID B101""",2026-05-26 10:16:53 UTC,"{""file""=>""src/doctranslator/tools/generate_font_metadata.py"", ""start_line""=>74}",false,"",code-scanning-toolset/translation/98524,"",,98524
Code-Scanning-Toolset,Translation,sast,Semgrep,detected,Improper check for unusual or exceptional conditions,"The application was found using `assert` in non-test code. Usually reserved for debug and test\ncode, the `assert`\nfunction is commonly used to test conditions before continuing execution. However, enclosed\ncode will be removed\nwhen compiling Python code to optimized byte code. Depending on the assertion and subsequent\nlogic, this could\nlead to undefined behavior of the application or application crashes.\n\nTo remediate this issue, remove the `assert` calls. If necessary, replace them with either `if`\nconditions or\n`try/except` blocks.\n\nExample using `try/except` instead of `assert`:\n```\n# Below try/except is equal to the assert statement of:\n# assert user.is_authenticated(), ""user must be authenticated""\ntry:\n    if not user.is_authenticated():\n        raise AuthError(""user must be authenticated"")\nexcept AuthError as e:\n    # Handle error\n    # ...\n    # Return, do not continue processing\n    return\n```\n",,info,,CWE-754,"bandit.B101; ""A6:2017 - Security Misconfiguration""; ""A05:2021 - Security Misconfiguration""; ""Bandit Test ID B101""",2026-05-26 10:16:53 UTC,"{""file""=>""src/doctranslator/pdfminer/pdfdocument.py"", ""start_line""=>329}",false,"",code-scanning-toolset/translation/98525,"",,98525
Code-Scanning-Toolset,Translation,sast,Semgrep,detected,Improper check for unusual or exceptional conditions,"The application was found using `assert` in non-test code. Usually reserved for debug and test\ncode, the `assert`\nfunction is commonly used to test conditions before continuing execution. However, enclosed\ncode will be removed\nwhen compiling Python code to optimized byte code. Depending on the assertion and subsequent\nlogic, this could\nlead to undefined behavior of the application or application crashes.\n\nTo remediate this issue, remove the `assert` calls. If necessary, replace them with either `if`\nconditions or\n`try/except` blocks.\n\nExample using `try/except` instead of `assert`:\n```\n# Below try/except is equal to the assert statement of:\n# assert user.is_authenticated(), ""user must be authenticated""\ntry:\n    if not user.is_authenticated():\n        raise AuthError(""user must be authenticated"")\nexcept AuthError as e:\n    # Handle error\n    # ...\n    # Return, do not continue processing\n    return\n```\n",,info,,CWE-754,"bandit.B101; ""A6:2017 - Security Misconfiguration""; ""A05:2021 - Security Misconfiguration""; ""Bandit Test ID B101""",2026-05-26 10:16:53 UTC,"{""file""=>""src/doctranslator/pdfminer/jbig2.py"", ""start_line""=>150}",false,"",code-scanning-toolset/translation/98526,"",,98526
Code-Scanning-Toolset,Translation,sast,Semgrep,detected,Improper check for unusual or exceptional conditions,"The application was found using `assert` in non-test code. Usually reserved for debug and test\ncode, the `assert`\nfunction is commonly used to test conditions before continuing execution. However, enclosed\ncode will be removed\nwhen compiling Python code to optimized byte code. Depending on the assertion and subsequent\nlogic, this could\nlead to undefined behavior of the application or application crashes.\n\nTo remediate this issue, remove the `assert` calls. If necessary, replace them with either `if`\nconditions or\n`try/except` blocks.\n\nExample using `try/except` instead of `assert`:\n```\n# Below try/except is equal to the assert statement of:\n# assert user.is_authenticated(), ""user must be authenticated""\ntry:\n    if not user.is_authenticated():\n        raise AuthError(""user must be authenticated"")\nexcept AuthError as e:\n    # Handle error\n    # ...\n    # Return, do not continue processing\n    return\n```\n",,info,,CWE-754,"bandit.B101; ""A6:2017 - Security Misconfiguration""; ""A05:2021 - Security Misconfiguration""; ""Bandit Test ID B101""",2026-05-26 10:16:53 UTC,"{""file""=>""src/doctranslator/pdfminer/pdfdocument.py"", ""start_line""=>796}",false,"",code-scanning-toolset/translation/98527,"",,98527
Code-Scanning-Toolset,Translation,sast,Semgrep,detected,Improper check for unusual or exceptional conditions,"The application was found using `assert` in non-test code. Usually reserved for debug and test\ncode, the `assert`\nfunction is commonly used to test conditions before continuing execution. However, enclosed\ncode will be removed\nwhen compiling Python code to optimized byte code. Depending on the assertion and subsequent\nlogic, this could\nlead to undefined behavior of the application or application crashes.\n\nTo remediate this issue, remove the `assert` calls. If necessary, replace them with either `if`\nconditions or\n`try/except` blocks.\n\nExample using `try/except` instead of `assert`:\n```\n# Below try/except is equal to the assert statement of:\n# assert user.is_authenticated(), ""user must be authenticated""\ntry:\n    if not user.is_authenticated():\n        raise AuthError(""user must be authenticated"")\nexcept AuthError as e:\n    # Handle error\n    # ...\n    # Return, do not continue processing\n    return\n```\n",,info,,CWE-754,"bandit.B101; ""A6:2017 - Security Misconfiguration""; ""A05:2021 - Security Misconfiguration""; ""Bandit Test ID B101""",2026-05-26 10:16:53 UTC,"{""file""=>""src/doctranslator/format/pdf/document_il/backend/pdf_creater.py"", ""start_line""=>199}",false,"",code-scanning-toolset/translation/98528,"",,98528
Code-Scanning-Toolset,Translation,sast,Semgrep,detected,Improper check for unusual or exceptional conditions,"The application was found using `assert` in non-test code. Usually reserved for debug and test\ncode, the `assert`\nfunction is commonly used to test conditions before continuing execution. However, enclosed\ncode will be removed\nwhen compiling Python code to optimized byte code. Depending on the assertion and subsequent\nlogic, this could\nlead to undefined behavior of the application or application crashes.\n\nTo remediate this issue, remove the `assert` calls. If necessary, replace them with either `if`\nconditions or\n`try/except` blocks.\n\nExample using `try/except` instead of `assert`:\n```\n# Below try/except is equal to the assert statement of:\n# assert user.is_authenticated(), ""user must be authenticated""\ntry:\n    if not user.is_authenticated():\n        raise AuthError(""user must be authenticated"")\nexcept AuthError as e:\n    # Handle error\n    # ...\n    # Return, do not continue processing\n    return\n```\n",,info,,CWE-754,"bandit.B101; ""A6:2017 - Security Misconfiguration""; ""A05:2021 - Security Misconfiguration""; ""Bandit Test ID B101""",2026-05-26 10:16:53 UTC,"{""file""=>""src/doctranslator/pdfminer/jbig2.py"", ""start_line""=>68}",false,"",code-scanning-toolset/translation/98529,"",,98529
Code-Scanning-Toolset,Translation,sast,Semgrep,detected,Improper check for unusual or exceptional conditions,"The application was found using `assert` in non-test code. Usually reserved for debug and test\ncode, the `assert`\nfunction is commonly used to test conditions before continuing execution. However, enclosed\ncode will be removed\nwhen compiling Python code to optimized byte code. Depending on the assertion and subsequent\nlogic, this could\nlead to undefined behavior of the application or application crashes.\n\nTo remediate this issue, remove the `assert` calls. If necessary, replace them with either `if`\nconditions or\n`try/except` blocks.\n\nExample using `try/except` instead of `assert`:\n```\n# Below try/except is equal to the assert statement of:\n# assert user.is_authenticated(), ""user must be authenticated""\ntry:\n    if not user.is_authenticated():\n        raise AuthError(""user must be authenticated"")\nexcept AuthError as e:\n    # Handle error\n    # ...\n    # Return, do not continue processing\n    return\n```\n",,info,,CWE-754,"bandit.B101; ""A6:2017 - Security Misconfiguration""; ""A05:2021 - Security Misconfiguration""; ""Bandit Test ID B101""",2026-05-26 10:16:53 UTC,"{""file""=>""src/doctranslator/pdfminer/ccitt.py"", ""start_line""=>52}",false,"",code-scanning-toolset/translation/98530,"",,98530
Code-Scanning-Toolset,Translation,sast,Semgrep,detected,Improper check for unusual or exceptional conditions,"The application was found using `assert` in non-test code. Usually reserved for debug and test\ncode, the `assert`\nfunction is commonly used to test conditions before continuing execution. However, enclosed\ncode will be removed\nwhen compiling Python code to optimized byte code. Depending on the assertion and subsequent\nlogic, this could\nlead to undefined behavior of the application or application crashes.\n\nTo remediate this issue, remove the `assert` calls. If necessary, replace them with either `if`\nconditions or\n`try/except` blocks.\n\nExample using `try/except` instead of `assert`:\n```\n# Below try/except is equal to the assert statement of:\n# assert user.is_authenticated(), ""user must be authenticated""\ntry:\n    if not user.is_authenticated():\n        raise AuthError(""user must be authenticated"")\nexcept AuthError as e:\n    # Handle error\n    # ...\n    # Return, do not continue processing\n    return\n```\n",,info,,CWE-754,"bandit.B101; ""A6:2017 - Security Misconfiguration""; ""A05:2021 - Security Misconfiguration""; ""Bandit Test ID B101""",2026-05-26 10:16:53 UTC,"{""file""=>""src/doctranslator/format/pdf/document_il/midend/typesetting.py"", ""start_line""=>136}",false,"",code-scanning-toolset/translation/98531,"",,98531
